-- phpMyAdmin SQL Dump
-- version 4.7.4
-- https://www.phpmyadmin.net/
--
-- Host: 127.0.0.1:3306
-- Generation Time: 26-Jan-2018 às 21:38
-- Versão do servidor: 5.7.19
-- PHP Version: 5.6.31

SET SQL_MODE = "NO_AUTO_VALUE_ON_ZERO";
SET AUTOCOMMIT = 0;
START TRANSACTION;
SET time_zone = "+00:00";


/*!40101 SET @OLD_CHARACTER_SET_CLIENT=@@CHARACTER_SET_CLIENT */;
/*!40101 SET @OLD_CHARACTER_SET_RESULTS=@@CHARACTER_SET_RESULTS */;
/*!40101 SET @OLD_COLLATION_CONNECTION=@@COLLATION_CONNECTION */;
/*!40101 SET NAMES utf8mb4 */;

--
-- Database: `quakelogparser`
--

-- --------------------------------------------------------

--
-- Estrutura da tabela `game`
--

DROP TABLE IF EXISTS `game`;
CREATE TABLE IF NOT EXISTS `game` (
  `Game_Id` int(11) NOT NULL AUTO_INCREMENT,
  `Game_Name` varchar(50) NOT NULL,
  `Tot_Kills` int(10) NOT NULL,
  PRIMARY KEY (`Game_Id`)
) ENGINE=InnoDB AUTO_INCREMENT=1288 DEFAULT CHARSET=latin1;

--
-- Extraindo dados da tabela `game`
--

INSERT INTO `game` (`Game_Id`, `Game_Name`, `Tot_Kills`) VALUES
(1267, 'game_1', 0),
(1268, 'game_2', 11),
(1269, 'game_3', 4),
(1270, 'game_4', 105),
(1271, 'game_5', 14),
(1272, 'game_6', 29),
(1273, 'game_7', 130),
(1274, 'game_8', 89),
(1275, 'game_9', 67),
(1276, 'game_10', 60),
(1277, 'game_11', 20),
(1278, 'game_12', 160),
(1279, 'game_13', 6),
(1280, 'game_14', 122),
(1281, 'game_15', 3),
(1282, 'game_16', 0),
(1283, 'game_17', 13),
(1284, 'game_18', 7),
(1285, 'game_19', 95),
(1286, 'game_20', 3),
(1287, 'game_21', 131);

-- --------------------------------------------------------

--
-- Estrutura da tabela `kills`
--

DROP TABLE IF EXISTS `kills`;
CREATE TABLE IF NOT EXISTS `kills` (
  `Kills_Id` int(11) NOT NULL AUTO_INCREMENT,
  `Game_id` int(11) NOT NULL,
  `Nick_Name` varchar(50) NOT NULL,
  `Causa_Mortis` varchar(50) NOT NULL,
  PRIMARY KEY (`Kills_Id`),
  KEY `Game_id_fk` (`Game_id`) USING BTREE
) ENGINE=InnoDB AUTO_INCREMENT=23357 DEFAULT CHARSET=latin1;

--
-- Extraindo dados da tabela `kills`
--

INSERT INTO `kills` (`Kills_Id`, `Game_id`, `Nick_Name`, `Causa_Mortis`) VALUES
(22287, 1268, 'Isgalamido', ' MOD_TRIGGER_HURT\r\n'),
(22288, 1268, 'Isgalamido', ' MOD_TRIGGER_HURT\r\n'),
(22289, 1268, 'Isgalamido', ' MOD_TRIGGER_HURT\r\n'),
(22290, 1268, 'Mocinha', ' MOD_ROCKET_SPLASH\r\n'),
(22291, 1268, 'Isgalamido', ' MOD_ROCKET_SPLASH\r\n'),
(22292, 1268, 'Isgalamido', ' MOD_ROCKET_SPLASH\r\n'),
(22293, 1268, 'Isgalamido', ' MOD_TRIGGER_HURT\r\n'),
(22294, 1268, 'Isgalamido', ' MOD_TRIGGER_HURT\r\n'),
(22295, 1268, 'Isgalamido', ' MOD_TRIGGER_HURT\r\n'),
(22296, 1268, 'Isgalamido', ' MOD_FALLING\r\n'),
(22297, 1268, 'Isgalamido', ' MOD_TRIGGER_HURT\r\n'),
(22298, 1269, 'Mocinha', ' MOD_ROCKET\r\n'),
(22299, 1269, 'Zeh', ' MOD_TRIGGER_HURT\r\n'),
(22300, 1269, 'Zeh', ' MOD_TRIGGER_HURT\r\n'),
(22301, 1269, 'Dono da Bola', ' MOD_FALLING\r\n'),
(22302, 1270, 'Isgalamido', ' MOD_TRIGGER_HURT\r\n'),
(22303, 1270, 'Dono da Bola', ' MOD_FALLING\r\n'),
(22304, 1270, 'Isgalamido', ' MOD_FALLING\r\n'),
(22305, 1270, 'Zeh', ' MOD_ROCKET\r\n'),
(22306, 1270, 'Dono da Bola', ' MOD_RAILGUN\r\n'),
(22307, 1270, 'Zeh', ' MOD_RAILGUN\r\n'),
(22308, 1270, 'Dono da Bola', ' MOD_RAILGUN\r\n'),
(22309, 1270, 'Zeh', ' MOD_RAILGUN\r\n'),
(22310, 1270, 'Zeh', ' MOD_RAILGUN\r\n'),
(22311, 1270, 'Zeh', ' MOD_ROCKET\r\n'),
(22312, 1270, 'Dono da Bola', ' MOD_ROCKET\r\n'),
(22313, 1270, 'Isgalamido', ' MOD_TRIGGER_HURT\r\n'),
(22314, 1270, 'Dono da Bola', ' MOD_ROCKET\r\n'),
(22315, 1270, 'Zeh', ' MOD_ROCKET\r\n'),
(22316, 1270, 'Zeh', ' MOD_ROCKET_SPLASH\r\n'),
(22317, 1270, 'Isgalamido', ' MOD_ROCKET\r\n'),
(22318, 1270, 'Dono da Bola', ' MOD_FALLING\r\n'),
(22319, 1270, 'Assasinu Credi', ' MOD_ROCKET\r\n'),
(22320, 1270, 'Dono da Bola', ' MOD_ROCKET\r\n'),
(22321, 1270, 'Isgalamido', ' MOD_ROCKET_SPLASH\r\n'),
(22322, 1270, 'Assasinu Credi', ' MOD_FALLING\r\n'),
(22323, 1270, 'Isgalamido', ' MOD_TRIGGER_HURT\r\n'),
(22324, 1270, 'Dono da Bola', ' MOD_ROCKET_SPLASH\r\n'),
(22325, 1270, 'Zeh', ' MOD_ROCKET_SPLASH\r\n'),
(22326, 1270, 'Assasinu Credi', ' MOD_MACHINEGUN\r\n'),
(22327, 1270, 'Zeh', ' MOD_MACHINEGUN\r\n'),
(22328, 1270, 'Isgalamido', ' MOD_ROCKET\r\n'),
(22329, 1270, 'Dono da Bola', ' MOD_ROCKET_SPLASH\r\n'),
(22330, 1270, 'Isgalamido', ' MOD_ROCKET_SPLASH\r\n'),
(22331, 1270, 'Assasinu Credi', ' MOD_ROCKET\r\n'),
(22332, 1270, 'Isgalamido', ' MOD_ROCKET_SPLASH\r\n'),
(22333, 1270, 'Zeh', ' MOD_ROCKET_SPLASH\r\n'),
(22334, 1270, 'Isgalamido', ' MOD_FALLING\r\n'),
(22335, 1270, 'Dono da Bola', ' MOD_ROCKET_SPLASH\r\n'),
(22336, 1270, 'Assasinu Credi', ' MOD_ROCKET_SPLASH\r\n'),
(22337, 1270, 'Dono da Bola', ' MOD_ROCKET_SPLASH\r\n'),
(22338, 1270, 'Isgalamido', ' MOD_FALLING\r\n'),
(22339, 1270, 'Zeh', ' MOD_ROCKET_SPLASH\r\n'),
(22340, 1270, 'Dono da Bola', ' MOD_ROCKET_SPLASH\r\n'),
(22341, 1270, 'Isgalamido', ' MOD_ROCKET_SPLASH\r\n'),
(22342, 1270, 'Isgalamido', ' MOD_ROCKET\r\n'),
(22343, 1270, 'Dono da Bola', ' MOD_TRIGGER_HURT\r\n'),
(22344, 1270, 'Assasinu Credi', ' MOD_ROCKET_SPLASH\r\n'),
(22345, 1270, 'Dono da Bola', ' MOD_TRIGGER_HURT\r\n'),
(22346, 1270, 'Assasinu Credi', ' MOD_ROCKET_SPLASH\r\n'),
(22347, 1270, 'Zeh', ' MOD_ROCKET_SPLASH\r\n'),
(22348, 1270, 'Isgalamido', ' MOD_ROCKET_SPLASH\r\n'),
(22349, 1270, 'Zeh', ' MOD_ROCKET\r\n'),
(22350, 1270, 'Dono da Bola', ' MOD_ROCKET_SPLASH\r\n'),
(22351, 1270, 'Isgalamido', ' MOD_ROCKET_SPLASH\r\n'),
(22352, 1270, 'Dono da Bola', ' MOD_TRIGGER_HURT\r\n'),
(22353, 1270, 'Isgalamido', ' MOD_TRIGGER_HURT\r\n'),
(22354, 1270, 'Dono da Bola', ' MOD_ROCKET\r\n'),
(22355, 1270, 'Assasinu Credi', ' MOD_ROCKET_SPLASH\r\n'),
(22356, 1270, 'Dono da Bola', ' MOD_ROCKET_SPLASH\r\n'),
(22357, 1270, 'Dono da Bola', ' MOD_ROCKET_SPLASH\r\n'),
(22358, 1270, 'Isgalamido', ' MOD_ROCKET_SPLASH\r\n'),
(22359, 1270, 'Assasinu Credi', ' MOD_ROCKET_SPLASH\r\n'),
(22360, 1270, 'Dono da Bola', ' MOD_FALLING\r\n'),
(22361, 1270, 'Zeh', ' MOD_FALLING\r\n'),
(22362, 1270, 'Dono da Bola', ' MOD_ROCKET\r\n'),
(22363, 1270, 'Zeh', ' MOD_ROCKET_SPLASH\r\n'),
(22364, 1270, 'Assasinu Credi', ' MOD_ROCKET\r\n'),
(22365, 1270, 'Assasinu Credi', ' MOD_ROCKET_SPLASH\r\n'),
(22366, 1270, 'Assasinu Credi', ' MOD_ROCKET_SPLASH\r\n'),
(22367, 1270, 'Isgalamido', ' MOD_ROCKET_SPLASH\r\n'),
(22368, 1270, 'Dono da Bola', ' MOD_ROCKET_SPLASH\r\n'),
(22369, 1270, 'Zeh', ' MOD_RAILGUN\r\n'),
(22370, 1270, 'Assasinu Credi', ' MOD_RAILGUN\r\n'),
(22371, 1270, 'Isgalamido', ' MOD_SHOTGUN\r\n'),
(22372, 1270, 'Zeh', ' MOD_ROCKET_SPLASH\r\n'),
(22373, 1270, 'Assasinu Credi', ' MOD_ROCKET_SPLASH\r\n'),
(22374, 1270, 'Dono da Bola', ' MOD_ROCKET_SPLASH\r\n'),
(22375, 1270, 'Assasinu Credi', ' MOD_ROCKET\r\n'),
(22376, 1270, 'Assasinu Credi', ' MOD_ROCKET_SPLASH\r\n'),
(22377, 1270, 'Zeh', ' MOD_ROCKET_SPLASH\r\n'),
(22378, 1270, 'Dono da Bola', ' MOD_FALLING\r\n'),
(22379, 1270, 'Dono da Bola', ' MOD_MACHINEGUN\r\n'),
(22380, 1270, 'Zeh', ' MOD_ROCKET_SPLASH\r\n'),
(22381, 1270, 'Dono da Bola', ' MOD_SHOTGUN\r\n'),
(22382, 1270, 'Isgalamido', ' MOD_ROCKET_SPLASH\r\n'),
(22383, 1270, 'Assasinu Credi', ' MOD_ROCKET\r\n'),
(22384, 1270, 'Zeh', ' MOD_ROCKET\r\n'),
(22385, 1270, 'Dono da Bola', ' MOD_ROCKET_SPLASH\r\n'),
(22386, 1270, 'Zeh', ' MOD_ROCKET_SPLASH\r\n'),
(22387, 1270, 'Assasinu Credi', ' MOD_ROCKET_SPLASH\r\n'),
(22388, 1270, 'Dono da Bola', ' MOD_ROCKET\r\n'),
(22389, 1270, 'Isgalamido', ' MOD_ROCKET_SPLASH\r\n'),
(22390, 1270, 'Zeh', ' MOD_ROCKET_SPLASH\r\n'),
(22391, 1270, 'Assasinu Credi', ' MOD_ROCKET_SPLASH\r\n'),
(22392, 1270, 'Zeh', ' MOD_MACHINEGUN\r\n'),
(22393, 1270, 'Assasinu Credi', ' MOD_TRIGGER_HURT\r\n'),
(22394, 1270, 'Zeh', ' MOD_RAILGUN\r\n'),
(22395, 1270, 'Zeh', ' MOD_ROCKET_SPLASH\r\n'),
(22396, 1270, 'Dono da Bola', ' MOD_ROCKET_SPLASH\r\n'),
(22397, 1270, 'Isgalamido', ' MOD_FALLING\r\n'),
(22398, 1270, 'Assasinu Credi', ' MOD_ROCKET_SPLASH\r\n'),
(22399, 1270, 'Zeh', ' MOD_ROCKET_SPLASH\r\n'),
(22400, 1270, 'Assasinu Credi', ' MOD_ROCKET_SPLASH\r\n'),
(22401, 1270, 'Dono da Bola', ' MOD_ROCKET_SPLASH\r\n'),
(22402, 1270, 'Zeh', ' MOD_TRIGGER_HURT\r\n'),
(22403, 1270, 'Assasinu Credi', ' MOD_FALLING\r\n'),
(22404, 1270, 'Dono da Bola', ' MOD_ROCKET_SPLASH\r\n'),
(22405, 1270, 'Assasinu Credi', ' MOD_ROCKET\r\n'),
(22406, 1270, 'Isgalamido', ' MOD_ROCKET_SPLASH\r\n'),
(22407, 1271, 'Zeh', ' MOD_ROCKET\r\n'),
(22408, 1271, 'Dono da Bola', ' MOD_ROCKET_SPLASH\r\n'),
(22409, 1271, 'Assasinu Credi', ' MOD_TRIGGER_HURT\r\n'),
(22410, 1271, 'Assasinu Credi', ' MOD_RAILGUN\r\n'),
(22411, 1271, 'Assasinu Credi', ' MOD_ROCKET_SPLASH\r\n'),
(22412, 1271, 'Assasinu Credi', ' MOD_TRIGGER_HURT\r\n'),
(22413, 1271, 'Zeh', ' MOD_ROCKET\r\n'),
(22414, 1271, 'Zeh', ' MOD_ROCKET\r\n'),
(22415, 1271, 'Assasinu Credi', ' MOD_ROCKET_SPLASH\r\n'),
(22416, 1271, 'Assasinu Credi', ' MOD_TRIGGER_HURT\r\n'),
(22417, 1271, 'Assasinu Credi', ' MOD_ROCKET_SPLASH\r\n'),
(22418, 1271, 'Zeh', ' MOD_TRIGGER_HURT\r\n'),
(22419, 1271, 'Zeh', ' MOD_ROCKET\r\n'),
(22420, 1271, 'Assasinu Credi', ' MOD_TRIGGER_HURT\r\n'),
(22421, 1272, 'Zeh', ' MOD_ROCKET\r\n'),
(22422, 1272, 'Zeh', ' MOD_RAILGUN\r\n'),
(22423, 1272, 'Isgalamido', ' MOD_ROCKET\r\n'),
(22424, 1272, 'Isgalamido', ' MOD_SHOTGUN\r\n'),
(22425, 1272, 'Zeh', ' MOD_ROCKET_SPLASH\r\n'),
(22426, 1272, 'Oootsimo', ' MOD_TRIGGER_HURT\r\n'),
(22427, 1272, 'Zeh', ' MOD_FALLING\r\n'),
(22428, 1272, 'UnnamedPlayer', ' MOD_SHOTGUN\r\n'),
(22429, 1272, 'Dono da Bola', ' MOD_SHOTGUN\r\n'),
(22430, 1272, 'Isgalamido', ' MOD_RAILGUN\r\n'),
(22431, 1272, 'Isgalamido', ' MOD_ROCKET_SPLASH\r\n'),
(22432, 1272, 'Dono da Bola', ' MOD_ROCKET_SPLASH\r\n'),
(22433, 1272, 'Zeh', ' MOD_ROCKET_SPLASH\r\n'),
(22434, 1272, 'Maluquinho', ' MOD_TRIGGER_HURT\r\n'),
(22435, 1272, 'Mal', ' MOD_TRIGGER_HURT\r\n'),
(22436, 1272, 'Oootsimo', ' MOD_MACHINEGUN\r\n'),
(22437, 1272, 'Zeh', ' MOD_ROCKET_SPLASH\r\n'),
(22438, 1272, 'Assasinu Credi', ' MOD_ROCKET\r\n'),
(22439, 1272, 'Dono da Bola', ' MOD_ROCKET_SPLASH\r\n'),
(22440, 1272, 'Isgalamido', ' MOD_SHOTGUN\r\n'),
(22441, 1272, 'Dono da Bola', ' MOD_ROCKET_SPLASH\r\n'),
(22442, 1272, 'Zeh', ' MOD_ROCKET\r\n'),
(22443, 1272, 'Dono da Bola', ' MOD_ROCKET_SPLASH\r\n'),
(22444, 1272, 'Assasinu Credi', ' MOD_ROCKET\r\n'),
(22445, 1272, 'Zeh', ' MOD_ROCKET_SPLASH\r\n'),
(22446, 1272, 'Isgalamido', ' MOD_ROCKET_SPLASH\r\n'),
(22447, 1272, 'Mal', ' MOD_ROCKET_SPLASH\r\n'),
(22448, 1272, 'Assasinu Credi', ' MOD_ROCKET_SPLASH\r\n'),
(22449, 1272, 'Isgalamido', ' MOD_TRIGGER_HURT\r\n'),
(22450, 1272, 'Mal', ' MOD_ROCKET_SPLASH\r\n'),
(22451, 1273, 'Zeh', ' MOD_FALLING\r\n'),
(22452, 1273, 'Dono da Bola', ' MOD_TRIGGER_HURT\r\n'),
(22453, 1273, 'Oootsimo', ' MOD_ROCKET_SPLASH\r\n'),
(22454, 1273, 'Isgalamido', ' MOD_ROCKET_SPLASH\r\n'),
(22455, 1273, 'Mal', ' MOD_ROCKET\r\n'),
(22456, 1273, 'Zeh', ' MOD_TRIGGER_HURT\r\n'),
(22457, 1273, 'Dono da Bola', ' MOD_ROCKET\r\n'),
(22458, 1273, 'Mal', ' MOD_TRIGGER_HURT\r\n'),
(22459, 1273, 'Dono da Bola', ' MOD_ROCKET_SPLASH\r\n'),
(22460, 1273, 'Isgalamido', ' MOD_ROCKET\r\n'),
(22461, 1273, 'Assasinu Credi', ' MOD_ROCKET_SPLASH\r\n'),
(22462, 1273, 'Mal', ' MOD_ROCKET_SPLASH\r\n'),
(22463, 1273, 'Dono da Bola', ' MOD_ROCKET\r\n'),
(22464, 1273, 'Oootsimo', ' MOD_SHOTGUN\r\n'),
(22465, 1273, 'Mal', ' MOD_ROCKET_SPLASH\r\n'),
(22466, 1273, 'Assasinu Credi', ' MOD_RAILGUN\r\n'),
(22467, 1273, 'Dono da Bola', ' MOD_ROCKET_SPLASH\r\n'),
(22468, 1273, 'Mal', ' MOD_ROCKET_SPLASH\r\n'),
(22469, 1273, 'Dono da Bola', ' MOD_ROCKET_SPLASH\r\n'),
(22470, 1273, 'Mal', ' MOD_RAILGUN\r\n'),
(22471, 1273, 'Assasinu Credi', ' MOD_RAILGUN\r\n'),
(22472, 1273, 'Isgalamido', ' MOD_ROCKET\r\n'),
(22473, 1273, 'Assasinu Credi', ' MOD_ROCKET_SPLASH\r\n'),
(22474, 1273, 'Assasinu Credi', ' MOD_ROCKET\r\n'),
(22475, 1273, 'Oootsimo', ' MOD_ROCKET\r\n'),
(22476, 1273, 'Mal', ' MOD_TRIGGER_HURT\r\n'),
(22477, 1273, 'Dono da Bola', ' MOD_ROCKET\r\n'),
(22478, 1273, 'Zeh', ' MOD_ROCKET_SPLASH\r\n'),
(22479, 1273, 'Mal', ' MOD_SHOTGUN\r\n'),
(22480, 1273, 'Assasinu Credi', ' MOD_ROCKET_SPLASH\r\n'),
(22481, 1273, 'Mal', ' MOD_TRIGGER_HURT\r\n'),
(22482, 1273, 'Assasinu Credi', ' MOD_ROCKET_SPLASH\r\n'),
(22483, 1273, 'Oootsimo', ' MOD_ROCKET\r\n'),
(22484, 1273, 'Dono da Bola', ' MOD_ROCKET_SPLASH\r\n'),
(22485, 1273, 'Oootsimo', ' MOD_TRIGGER_HURT\r\n'),
(22486, 1273, 'Mal', ' MOD_RAILGUN\r\n'),
(22487, 1273, 'Dono da Bola', ' MOD_ROCKET_SPLASH\r\n'),
(22488, 1273, 'Zeh', ' MOD_RAILGUN\r\n'),
(22489, 1273, 'Dono da Bola', ' MOD_ROCKET_SPLASH\r\n'),
(22490, 1273, 'Mal', ' MOD_TRIGGER_HURT\r\n'),
(22491, 1273, 'Isgalamido', ' MOD_FALLING\r\n'),
(22492, 1273, 'Oootsimo', ' MOD_SHOTGUN\r\n'),
(22493, 1273, 'Zeh', ' MOD_ROCKET\r\n'),
(22494, 1273, 'Dono da Bola', ' MOD_SHOTGUN\r\n'),
(22495, 1273, 'Mal', ' MOD_ROCKET_SPLASH\r\n'),
(22496, 1273, 'Isgalamido', ' MOD_ROCKET_SPLASH\r\n'),
(22497, 1273, 'Assasinu Credi', ' MOD_ROCKET\r\n'),
(22498, 1273, 'Dono da Bola', ' MOD_ROCKET\r\n'),
(22499, 1273, 'Zeh', ' MOD_ROCKET_SPLASH\r\n'),
(22500, 1273, 'Oootsimo', ' MOD_TRIGGER_HURT\r\n'),
(22501, 1273, 'Chessus', ' MOD_MACHINEGUN\r\n'),
(22502, 1273, 'Dono da Bola', ' MOD_ROCKET_SPLASH\r\n'),
(22503, 1273, 'Zeh', ' MOD_TRIGGER_HURT\r\n'),
(22504, 1273, 'Mal', ' MOD_FALLING\r\n'),
(22505, 1273, 'Isgalamido', ' MOD_ROCKET_SPLASH\r\n'),
(22506, 1273, 'Zeh', ' MOD_ROCKET_SPLASH\r\n'),
(22507, 1273, 'Assasinu Credi', ' MOD_ROCKET\r\n'),
(22508, 1273, 'Dono da Bola', ' MOD_ROCKET\r\n'),
(22509, 1273, 'Mal', ' MOD_TRIGGER_HURT\r\n'),
(22510, 1273, 'Isgalamido', ' MOD_ROCKET\r\n'),
(22511, 1273, 'Assasinu Credi', ' MOD_ROCKET_SPLASH\r\n'),
(22512, 1273, 'Dono da Bola', ' MOD_SHOTGUN\r\n'),
(22513, 1273, 'Zeh', ' MOD_ROCKET\r\n'),
(22514, 1273, 'Oootsimo', ' MOD_SHOTGUN\r\n'),
(22515, 1273, 'Chessus', ' MOD_RAILGUN\r\n'),
(22516, 1273, 'Mal', ' MOD_ROCKET_SPLASH\r\n'),
(22517, 1273, 'Zeh', ' MOD_TRIGGER_HURT\r\n'),
(22518, 1273, 'Assasinu Credi', ' MOD_ROCKET\r\n'),
(22519, 1273, 'Dono da Bola', ' MOD_RAILGUN\r\n'),
(22520, 1273, 'Mal', ' MOD_TRIGGER_HURT\r\n'),
(22521, 1273, 'Zeh', ' MOD_FALLING\r\n'),
(22522, 1273, 'Dono da Bola', ' MOD_ROCKET\r\n'),
(22523, 1273, 'Assasinu Credi', ' MOD_ROCKET_SPLASH\r\n'),
(22524, 1273, 'Mal', ' MOD_MACHINEGUN\r\n'),
(22525, 1273, 'Dono da Bola', ' MOD_MACHINEGUN\r\n'),
(22526, 1273, 'Zeh', ' MOD_MACHINEGUN\r\n'),
(22527, 1273, 'Mal', ' MOD_ROCKET\r\n'),
(22528, 1273, 'Isgalamido', ' MOD_FALLING\r\n'),
(22529, 1273, 'Assasinu Credi', ' MOD_ROCKET\r\n'),
(22530, 1273, 'Zeh', ' MOD_ROCKET_SPLASH\r\n'),
(22531, 1273, 'Dono da Bola', ' MOD_ROCKET_SPLASH\r\n'),
(22532, 1273, 'Mal', ' MOD_MACHINEGUN\r\n'),
(22533, 1273, 'Oootsimo', ' MOD_ROCKET_SPLASH\r\n'),
(22534, 1273, 'Zeh', ' MOD_ROCKET_SPLASH\r\n'),
(22535, 1273, 'Zeh', ' MOD_ROCKET_SPLASH\r\n'),
(22536, 1273, 'Mal', ' MOD_ROCKET\r\n'),
(22537, 1273, 'Assasinu Credi', ' MOD_ROCKET_SPLASH\r\n'),
(22538, 1273, 'Isgalamido', ' MOD_ROCKET_SPLASH\r\n'),
(22539, 1273, 'Mal', ' MOD_TRIGGER_HURT\r\n'),
(22540, 1273, 'Dono da Bola', ' MOD_TRIGGER_HURT\r\n'),
(22541, 1273, 'Oootsimo', ' MOD_ROCKET\r\n'),
(22542, 1273, 'Isgalamido', ' MOD_FALLING\r\n'),
(22543, 1273, 'Assasinu Credi', ' MOD_ROCKET\r\n'),
(22544, 1273, 'Dono da Bola', ' MOD_MACHINEGUN\r\n'),
(22545, 1273, 'Mal', ' MOD_SHOTGUN\r\n'),
(22546, 1273, 'Oootsimo', ' MOD_MACHINEGUN\r\n'),
(22547, 1273, 'Zeh', ' MOD_MACHINEGUN\r\n'),
(22548, 1273, 'Oootsimo', ' MOD_ROCKET_SPLASH\r\n'),
(22549, 1273, 'Isgalamido', ' MOD_ROCKET_SPLASH\r\n'),
(22550, 1273, 'Dono da Bola', ' MOD_ROCKET_SPLASH\r\n'),
(22551, 1273, 'Mal', ' MOD_TRIGGER_HURT\r\n'),
(22552, 1273, 'Dono da Bola', ' MOD_ROCKET_SPLASH\r\n'),
(22553, 1273, 'Zeh', ' MOD_ROCKET_SPLASH\r\n'),
(22554, 1273, 'Isgalamido', ' MOD_ROCKET_SPLASH\r\n'),
(22555, 1273, 'Oootsimo', ' MOD_ROCKET\r\n'),
(22556, 1273, 'Dono da Bola', ' MOD_ROCKET_SPLASH\r\n'),
(22557, 1273, 'Mal', ' MOD_ROCKET_SPLASH\r\n'),
(22558, 1273, 'Assasinu Credi', ' MOD_ROCKET_SPLASH\r\n'),
(22559, 1273, 'Zeh', ' MOD_ROCKET_SPLASH\r\n'),
(22560, 1273, 'Mal', ' MOD_TRIGGER_HURT\r\n'),
(22561, 1273, 'Assasinu Credi', ' MOD_ROCKET\r\n'),
(22562, 1273, 'Zeh', ' MOD_ROCKET_SPLASH\r\n'),
(22563, 1273, 'Oootsimo', ' MOD_RAILGUN\r\n'),
(22564, 1273, 'Mal', ' MOD_TRIGGER_HURT\r\n'),
(22565, 1273, 'Zeh', ' MOD_ROCKET_SPLASH\r\n'),
(22566, 1273, 'Oootsimo', ' MOD_FALLING\r\n'),
(22567, 1273, 'Dono da Bola', ' MOD_RAILGUN\r\n'),
(22568, 1273, 'Assasinu Credi', ' MOD_ROCKET\r\n'),
(22569, 1273, 'Oootsimo', ' MOD_TRIGGER_HURT\r\n'),
(22570, 1273, 'Isgalamido', ' MOD_TRIGGER_HURT\r\n'),
(22571, 1273, 'Oootsimo', ' MOD_ROCKET\r\n'),
(22572, 1273, 'Isgalamido', ' MOD_ROCKET_SPLASH\r\n'),
(22573, 1273, 'Mal', ' MOD_TRIGGER_HURT\r\n'),
(22574, 1273, 'Isgalamido', ' MOD_ROCKET_SPLASH\r\n'),
(22575, 1273, 'Dono da Bola', ' MOD_ROCKET\r\n'),
(22576, 1273, 'Oootsimo', ' MOD_MACHINEGUN\r\n'),
(22577, 1273, 'Assasinu Credi', ' MOD_ROCKET_SPLASH\r\n'),
(22578, 1273, 'Zeh', ' MOD_ROCKET\r\n'),
(22579, 1273, 'Oootsimo', ' MOD_ROCKET_SPLASH\r\n'),
(22580, 1273, 'Mal', ' MOD_ROCKET_SPLASH\r\n'),
(22581, 1274, 'Oootsimo', ' MOD_TRIGGER_HURT\r\n'),
(22582, 1274, 'Zeh', ' MOD_ROCKET\r\n'),
(22583, 1274, 'Mal', ' MOD_ROCKET_SPLASH\r\n'),
(22584, 1274, 'Oootsimo', ' MOD_ROCKET_SPLASH\r\n'),
(22585, 1274, 'Assasinu Credi', ' MOD_ROCKET_SPLASH\r\n'),
(22586, 1274, 'Isgalamido', ' MOD_FALLING\r\n'),
(22587, 1274, 'Mal', ' MOD_RAILGUN\r\n'),
(22588, 1274, 'Dono da Bola', ' MOD_ROCKET\r\n'),
(22589, 1274, 'Zeh', ' MOD_TRIGGER_HURT\r\n'),
(22590, 1274, 'Assasinu Credi', ' MOD_ROCKET_SPLASH\r\n'),
(22591, 1274, 'Isgalamido', ' MOD_ROCKET\r\n'),
(22592, 1274, 'Oootsimo', ' MOD_ROCKET_SPLASH\r\n'),
(22593, 1274, 'Mal', ' MOD_ROCKET_SPLASH\r\n'),
(22594, 1274, 'Dono da Bola', ' MOD_ROCKET_SPLASH\r\n'),
(22595, 1274, 'Zeh', ' MOD_ROCKET\r\n'),
(22596, 1274, 'Isgalamido', ' MOD_ROCKET_SPLASH\r\n'),
(22597, 1274, 'Dono da Bola', ' MOD_ROCKET\r\n'),
(22598, 1274, 'Assasinu Credi', ' MOD_ROCKET_SPLASH\r\n'),
(22599, 1274, 'Oootsimo', ' MOD_MACHINEGUN\r\n'),
(22600, 1274, 'Mal', ' MOD_ROCKET\r\n'),
(22601, 1274, 'Oootsimo', ' MOD_MACHINEGUN\r\n'),
(22602, 1274, 'Zeh', ' MOD_ROCKET_SPLASH\r\n'),
(22603, 1274, 'Assasinu Credi', ' MOD_ROCKET\r\n'),
(22604, 1274, 'Dono da Bola', ' MOD_ROCKET_SPLASH\r\n'),
(22605, 1274, 'Zeh', ' MOD_ROCKET_SPLASH\r\n'),
(22606, 1274, 'Mal', ' MOD_ROCKET_SPLASH\r\n'),
(22607, 1274, 'Dono da Bola', ' MOD_ROCKET\r\n'),
(22608, 1274, 'Assasinu Credi', ' MOD_ROCKET_SPLASH\r\n'),
(22609, 1274, 'Isgalamido', ' MOD_ROCKET_SPLASH\r\n'),
(22610, 1274, 'Dono da Bola', ' MOD_ROCKET\r\n'),
(22611, 1274, 'Mal', ' MOD_ROCKET_SPLASH\r\n'),
(22612, 1274, 'Isgalamido', ' MOD_RAILGUN\r\n'),
(22613, 1274, 'Assasinu Credi', ' MOD_RAILGUN\r\n'),
(22614, 1274, 'Oootsimo', ' MOD_RAILGUN\r\n'),
(22615, 1274, 'Isgalamido', ' MOD_TRIGGER_HURT\r\n'),
(22616, 1274, 'Mal', ' MOD_ROCKET_SPLASH\r\n'),
(22617, 1274, 'Dono da Bola', ' MOD_TRIGGER_HURT\r\n'),
(22618, 1274, 'Assasinu Credi', ' MOD_RAILGUN\r\n'),
(22619, 1274, 'Mal', ' MOD_ROCKET_SPLASH\r\n'),
(22620, 1274, 'Mal', ' MOD_ROCKET_SPLASH\r\n'),
(22621, 1274, 'Dono da Bola', ' MOD_ROCKET_SPLASH\r\n'),
(22622, 1274, 'Oootsimo', ' MOD_MACHINEGUN\r\n'),
(22623, 1274, 'Assasinu Credi', ' MOD_ROCKET_SPLASH\r\n'),
(22624, 1274, 'Assasinu Credi', ' MOD_ROCKET_SPLASH\r\n'),
(22625, 1274, 'Zeh', ' MOD_FALLING\r\n'),
(22626, 1274, 'Mal', ' MOD_ROCKET_SPLASH\r\n'),
(22627, 1274, 'Dono da Bola', ' MOD_ROCKET\r\n'),
(22628, 1274, 'Mal', ' MOD_TRIGGER_HURT\r\n'),
(22629, 1274, 'Oootsimo', ' MOD_ROCKET_SPLASH\r\n'),
(22630, 1274, 'Dono da Bola', ' MOD_RAILGUN\r\n'),
(22631, 1274, 'Assasinu Credi', ' MOD_ROCKET_SPLASH\r\n'),
(22632, 1274, 'Mal', ' MOD_ROCKET\r\n'),
(22633, 1274, 'Isgalamido', ' MOD_FALLING\r\n'),
(22634, 1274, 'Dono da Bola', ' MOD_ROCKET\r\n'),
(22635, 1274, 'Mal', ' MOD_ROCKET\r\n'),
(22636, 1274, 'Zeh', ' MOD_ROCKET_SPLASH\r\n'),
(22637, 1274, 'Zeh', ' MOD_RAILGUN\r\n'),
(22638, 1274, 'Oootsimo', ' MOD_RAILGUN\r\n'),
(22639, 1274, 'Dono da Bola', ' MOD_ROCKET_SPLASH\r\n'),
(22640, 1274, 'Mal', ' MOD_ROCKET_SPLASH\r\n'),
(22641, 1274, 'Isgalamido', ' MOD_RAILGUN\r\n'),
(22642, 1274, 'Assasinu Credi', ' MOD_ROCKET_SPLASH\r\n'),
(22643, 1274, 'Mal', ' MOD_TRIGGER_HURT\r\n'),
(22644, 1274, 'Assasinu Credi', ' MOD_TRIGGER_HURT\r\n'),
(22645, 1274, 'Dono da Bola', ' MOD_ROCKET\r\n'),
(22646, 1274, 'Oootsimo', ' MOD_MACHINEGUN\r\n'),
(22647, 1274, 'Isgalamido', ' MOD_ROCKET\r\n'),
(22648, 1274, 'Assasinu Credi', ' MOD_ROCKET\r\n'),
(22649, 1274, 'Mal', ' MOD_ROCKET_SPLASH\r\n'),
(22650, 1274, 'Dono da Bola', ' MOD_ROCKET_SPLASH\r\n'),
(22651, 1274, 'Zeh', ' MOD_ROCKET_SPLASH\r\n'),
(22652, 1274, 'Oootsimo', ' MOD_ROCKET_SPLASH\r\n'),
(22653, 1274, 'Assasinu Credi', ' MOD_ROCKET_SPLASH\r\n'),
(22654, 1274, 'Isgalamido', ' MOD_FALLING\r\n'),
(22655, 1274, 'Mal', ' MOD_ROCKET_SPLASH\r\n'),
(22656, 1274, 'Dono da Bola', ' MOD_ROCKET_SPLASH\r\n'),
(22657, 1274, 'Assasinu Credi', ' MOD_SHOTGUN\r\n'),
(22658, 1274, 'Mal', ' MOD_ROCKET\r\n'),
(22659, 1274, 'Assasinu Credi', ' MOD_FALLING\r\n'),
(22660, 1274, 'Oootsimo', ' MOD_ROCKET_SPLASH\r\n'),
(22661, 1274, 'Isgalamido', ' MOD_ROCKET_SPLASH\r\n'),
(22662, 1274, 'Mal', ' MOD_FALLING\r\n'),
(22663, 1274, 'Assasinu Credi', ' MOD_ROCKET\r\n'),
(22664, 1274, 'Dono da Bola', ' MOD_TRIGGER_HURT\r\n'),
(22665, 1274, 'Mal', ' MOD_ROCKET_SPLASH\r\n'),
(22666, 1274, 'Oootsimo', ' MOD_RAILGUN\r\n'),
(22667, 1274, 'Zeh', ' MOD_TRIGGER_HURT\r\n'),
(22668, 1274, 'Zeh', ' MOD_RAILGUN\r\n'),
(22669, 1274, 'Oootsimo', ' MOD_RAILGUN\r\n'),
(22670, 1275, 'Assasinu Credi', ' MOD_TRIGGER_HURT\r\n'),
(22671, 1275, 'Zeh', ' MOD_ROCKET_SPLASH\r\n'),
(22672, 1275, 'Oootsimo', ' MOD_ROCKET_SPLASH\r\n'),
(22673, 1275, 'Dono da Bola', ' MOD_SHOTGUN\r\n'),
(22674, 1275, 'Oootsimo', ' MOD_ROCKET\r\n'),
(22675, 1275, 'Mal', ' MOD_ROCKET_SPLASH\r\n'),
(22676, 1275, 'Dono da Bola', ' MOD_ROCKET_SPLASH\r\n'),
(22677, 1275, 'Isgalamido', ' MOD_MACHINEGUN\r\n'),
(22678, 1275, 'Zeh', ' MOD_ROCKET_SPLASH\r\n'),
(22679, 1275, 'Dono da Bola', ' MOD_ROCKET\r\n'),
(22680, 1275, 'Isgalamido', ' MOD_FALLING\r\n'),
(22681, 1275, 'Zeh', ' MOD_ROCKET\r\n'),
(22682, 1275, 'Mal', ' MOD_TRIGGER_HURT\r\n'),
(22683, 1275, 'Zeh', ' MOD_TRIGGER_HURT\r\n'),
(22684, 1275, 'Assasinu Credi', ' MOD_ROCKET_SPLASH\r\n'),
(22685, 1275, 'Dono da Bola', ' MOD_ROCKET\r\n'),
(22686, 1275, 'Mal', ' MOD_TRIGGER_HURT\r\n'),
(22687, 1275, 'Oootsimo', ' MOD_ROCKET_SPLASH\r\n'),
(22688, 1275, 'Zeh', ' MOD_ROCKET\r\n'),
(22689, 1275, 'Assasinu Credi', ' MOD_ROCKET\r\n'),
(22690, 1275, 'Isgalamido', ' MOD_ROCKET_SPLASH\r\n'),
(22691, 1275, 'Mal', ' MOD_TRIGGER_HURT\r\n'),
(22692, 1275, 'Zeh', ' MOD_FALLING\r\n'),
(22693, 1275, 'Assasinu Credi', ' MOD_ROCKET_SPLASH\r\n'),
(22694, 1275, 'Mal', ' MOD_TRIGGER_HURT\r\n'),
(22695, 1275, 'Assasinu Credi', ' MOD_ROCKET\r\n'),
(22696, 1275, 'Assasinu Credi', ' MOD_ROCKET_SPLASH\r\n'),
(22697, 1275, 'Dono da Bola', ' MOD_FALLING\r\n'),
(22698, 1275, 'Zeh', ' MOD_ROCKET_SPLASH\r\n'),
(22699, 1275, 'Mal', ' MOD_ROCKET_SPLASH\r\n'),
(22700, 1275, 'Mal', ' MOD_ROCKET\r\n'),
(22701, 1275, 'Assasinu Credi', ' MOD_ROCKET_SPLASH\r\n'),
(22702, 1275, 'Oootsimo', ' MOD_ROCKET_SPLASH\r\n'),
(22703, 1275, 'Mal', ' MOD_ROCKET\r\n'),
(22704, 1275, 'Assasinu Credi', ' MOD_ROCKET_SPLASH\r\n'),
(22705, 1275, 'Oootsimo', ' MOD_ROCKET_SPLASH\r\n'),
(22706, 1275, 'Mal', ' MOD_ROCKET_SPLASH\r\n'),
(22707, 1275, 'Assasinu Credi', ' MOD_ROCKET_SPLASH\r\n'),
(22708, 1275, 'Mal', ' MOD_ROCKET\r\n'),
(22709, 1275, 'Mal', ' MOD_ROCKET_SPLASH\r\n'),
(22710, 1275, 'Zeh', ' MOD_RAILGUN\r\n'),
(22711, 1275, 'Oootsimo', ' MOD_RAILGUN\r\n'),
(22712, 1275, 'Assasinu Credi', ' MOD_RAILGUN\r\n'),
(22713, 1275, 'Mal', ' MOD_ROCKET\r\n'),
(22714, 1275, 'Assasinu Credi', ' MOD_ROCKET_SPLASH\r\n'),
(22715, 1275, 'Zeh', ' MOD_TRIGGER_HURT\r\n'),
(22716, 1275, 'Assasinu Credi', ' MOD_RAILGUN\r\n'),
(22717, 1275, 'Mal', ' MOD_ROCKET\r\n'),
(22718, 1275, 'Oootsimo', ' MOD_RAILGUN\r\n'),
(22719, 1275, 'Zeh', ' MOD_ROCKET\r\n'),
(22720, 1275, 'Assasinu Credi', ' MOD_RAILGUN\r\n'),
(22721, 1275, 'Chessus', ' MOD_ROCKET\r\n'),
(22722, 1275, 'Zeh', ' MOD_ROCKET\r\n'),
(22723, 1275, 'Oootsimo', ' MOD_ROCKET_SPLASH\r\n'),
(22724, 1275, 'Zeh', ' MOD_ROCKET_SPLASH\r\n'),
(22725, 1275, 'Chessus', ' MOD_TRIGGER_HURT\r\n'),
(22726, 1275, 'Assasinu Credi', ' MOD_ROCKET\r\n'),
(22727, 1275, 'Mal', ' MOD_ROCKET_SPLASH\r\n'),
(22728, 1275, 'Oootsimo', ' MOD_RAILGUN\r\n'),
(22729, 1275, 'Zeh', ' MOD_RAILGUN\r\n'),
(22730, 1275, 'Oootsimo', ' MOD_ROCKET_SPLASH\r\n'),
(22731, 1275, 'Chessus', ' MOD_RAILGUN\r\n'),
(22732, 1275, 'Zeh', ' MOD_MACHINEGUN\r\n'),
(22733, 1275, 'Oootsimo', ' MOD_MACHINEGUN\r\n'),
(22734, 1275, 'Mal', ' MOD_ROCKET_SPLASH\r\n'),
(22735, 1275, 'Zeh', ' MOD_ROCKET\r\n'),
(22736, 1275, 'Oootsimo', ' MOD_RAILGUN\r\n'),
(22737, 1276, 'Oootsimo', ' MOD_TELEFRAG\r\n'),
(22738, 1276, 'Mal', ' MOD_TELEFRAG\r\n'),
(22739, 1276, 'Assasinu Credi', ' MOD_TELEFRAG\r\n'),
(22740, 1276, 'Dono da Bola', ' MOD_TELEFRAG\r\n'),
(22741, 1276, 'Chessus', ' MOD_TELEFRAG\r\n'),
(22742, 1276, 'Zeh', ' MOD_TELEFRAG\r\n'),
(22743, 1276, 'Chessus', ' MOD_TELEFRAG\r\n'),
(22744, 1276, 'Dono da Bola', ' MOD_TRIGGER_HURT\r\n'),
(22745, 1276, 'Oootsimo', ' MOD_TRIGGER_HURT\r\n'),
(22746, 1276, 'Chessus', ' MOD_TELEFRAG\r\n'),
(22747, 1276, 'Mal', ' MOD_TRIGGER_HURT\r\n'),
(22748, 1276, 'Chessus', ' MOD_TELEFRAG\r\n'),
(22749, 1276, 'Mal', ' MOD_TELEFRAG\r\n'),
(22750, 1276, 'Isgalamido', ' MOD_TELEFRAG\r\n'),
(22751, 1276, 'Mal', ' MOD_TELEFRAG\r\n'),
(22752, 1276, 'Isgalamido', ' MOD_TELEFRAG\r\n'),
(22753, 1276, 'Chessus', ' MOD_TELEFRAG\r\n'),
(22754, 1276, 'Mal', ' MOD_TELEFRAG\r\n'),
(22755, 1276, 'Zeh', ' MOD_TRIGGER_HURT\r\n'),
(22756, 1276, 'Isgalamido', ' MOD_TELEFRAG\r\n'),
(22757, 1276, 'Chessus', ' MOD_ROCKET\r\n'),
(22758, 1276, 'Oootsimo', ' MOD_ROCKET_SPLASH\r\n'),
(22759, 1276, 'Mal', ' MOD_TRIGGER_HURT\r\n'),
(22760, 1276, 'Oootsimo', ' MOD_TELEFRAG\r\n'),
(22761, 1276, 'Isgalamido', ' MOD_TRIGGER_HURT\r\n'),
(22762, 1276, 'Chessus', ' MOD_RAILGUN\r\n'),
(22763, 1276, 'Oootsimo', ' MOD_RAILGUN\r\n'),
(22764, 1276, 'Isgalamido', ' MOD_TRIGGER_HURT\r\n'),
(22765, 1276, 'Isgalamido', ' MOD_TELEFRAG\r\n'),
(22766, 1276, 'Chessus', ' MOD_TELEFRAG\r\n'),
(22767, 1276, 'Assasinu Credi', ' MOD_TELEFRAG\r\n'),
(22768, 1276, 'Dono da Bola', ' MOD_TRIGGER_HURT\r\n'),
(22769, 1276, 'Chessus', ' MOD_TRIGGER_HURT\r\n'),
(22770, 1276, 'Assasinu Credi', ' MOD_TRIGGER_HURT\r\n'),
(22771, 1276, 'Assasinu Credi', ' MOD_TRIGGER_HURT\r\n'),
(22772, 1276, 'Mal', ' MOD_ROCKET\r\n'),
(22773, 1276, 'Isgalamido', ' MOD_TRIGGER_HURT\r\n'),
(22774, 1276, 'Isgalamido', ' MOD_TELEFRAG\r\n'),
(22775, 1276, 'Oootsimo', ' MOD_BFG_SPLASH\r\n'),
(22776, 1276, 'Zeh', ' MOD_TRIGGER_HURT\r\n'),
(22777, 1276, 'Mal', ' MOD_TRIGGER_HURT\r\n'),
(22778, 1276, 'Assasinu Credi', ' MOD_BFG\r\n'),
(22779, 1276, 'Isgalamido', ' MOD_BFG_SPLASH\r\n'),
(22780, 1276, 'Zeh', ' MOD_TELEFRAG\r\n'),
(22781, 1276, 'Mal', ' MOD_TELEFRAG\r\n'),
(22782, 1276, 'Mal', ' MOD_TELEFRAG\r\n'),
(22783, 1276, 'Oootsimo', ' MOD_TRIGGER_HURT\r\n'),
(22784, 1276, 'Oootsimo', ' MOD_TELEFRAG\r\n'),
(22785, 1276, 'Mal', ' MOD_RAILGUN\r\n'),
(22786, 1276, 'Assasinu Credi', ' MOD_RAILGUN\r\n'),
(22787, 1276, 'Mal', ' MOD_TRIGGER_HURT\r\n'),
(22788, 1276, 'Isgalamido', ' MOD_ROCKET\r\n'),
(22789, 1276, 'Assasinu Credi', ' MOD_RAILGUN\r\n'),
(22790, 1276, 'Mal', ' MOD_MACHINEGUN\r\n'),
(22791, 1276, 'Isgalamido', ' MOD_ROCKET\r\n'),
(22792, 1276, 'Zeh', ' MOD_RAILGUN\r\n'),
(22793, 1276, 'Mal', ' MOD_TRIGGER_HURT\r\n'),
(22794, 1276, 'Isgalamido', ' MOD_CRUSH\r\n'),
(22795, 1276, 'Assasinu Credi', ' MOD_RAILGUN\r\n'),
(22796, 1276, 'Isgalamido', ' MOD_BFG\r\n'),
(22797, 1277, 'Dono da Bola', ' MOD_TRIGGER_HURT\r\n'),
(22798, 1277, 'Dono da Bola', ' MOD_TRIGGER_HURT\r\n'),
(22799, 1277, 'Isgalamido', ' MOD_TRIGGER_HURT\r\n'),
(22800, 1277, 'Dono da Bola', ' MOD_CRUSH\r\n'),
(22801, 1277, 'Isgalamido', ' MOD_TRIGGER_HURT\r\n'),
(22802, 1277, 'Assasinu Credi', ' MOD_ROCKET_SPLASH\r\n'),
(22803, 1277, 'Chessus', ' MOD_BFG_SPLASH\r\n'),
(22804, 1277, 'Dono da Bola', ' MOD_ROCKET_SPLASH\r\n'),
(22805, 1277, 'Assasinu Credi', ' MOD_TRIGGER_HURT\r\n'),
(22806, 1277, 'Oootsimo', ' MOD_ROCKET_SPLASH\r\n'),
(22807, 1277, 'Zeh', ' MOD_MACHINEGUN\r\n'),
(22808, 1277, 'Dono da Bola', ' MOD_RAILGUN\r\n'),
(22809, 1277, 'Assasinu Credi', ' MOD_TRIGGER_HURT\r\n'),
(22810, 1277, 'Isgalamido', ' MOD_BFG_SPLASH\r\n'),
(22811, 1277, 'Zeh', ' MOD_RAILGUN\r\n'),
(22812, 1277, 'Chessus', ' MOD_RAILGUN\r\n'),
(22813, 1277, 'Assasinu Credi', ' MOD_TRIGGER_HURT\r\n'),
(22814, 1277, 'Mal', ' MOD_RAILGUN\r\n'),
(22815, 1277, 'Chessus', ' MOD_BFG_SPLASH\r\n'),
(22816, 1277, 'Isgalamido', ' MOD_ROCKET_SPLASH\r\n'),
(22817, 1278, 'Dono da Bola', ' MOD_TRIGGER_HURT\r\n'),
(22818, 1278, 'Chessus', ' MOD_RAILGUN\r\n'),
(22819, 1278, 'Mal', ' MOD_TRIGGER_HURT\r\n'),
(22820, 1278, 'Dono da Bola', ' MOD_ROCKET_SPLASH\r\n'),
(22821, 1278, 'Chessus', ' MOD_TRIGGER_HURT\r\n'),
(22822, 1278, 'Oootsimo', ' MOD_BFG_SPLASH\r\n'),
(22823, 1278, 'Isgalamido', ' MOD_RAILGUN\r\n'),
(22824, 1278, 'Mal', ' MOD_TRIGGER_HURT\r\n'),
(22825, 1278, 'Dono da Bola', ' MOD_TRIGGER_HURT\r\n'),
(22826, 1278, 'Chessus', ' MOD_RAILGUN\r\n'),
(22827, 1278, 'Mal', ' MOD_ROCKET_SPLASH\r\n'),
(22828, 1278, 'Dono da Bola', ' MOD_ROCKET_SPLASH\r\n'),
(22829, 1278, 'Chessus', ' MOD_RAILGUN\r\n'),
(22830, 1278, 'Zeh', ' MOD_RAILGUN\r\n'),
(22831, 1278, 'Dono da Bola', ' MOD_TRIGGER_HURT\r\n'),
(22832, 1278, 'Chessus', ' MOD_ROCKET_SPLASH\r\n'),
(22833, 1278, 'Assasinu Credi', ' MOD_ROCKET\r\n'),
(22834, 1278, 'Dono da Bola', ' MOD_ROCKET_SPLASH\r\n'),
(22835, 1278, 'Chessus', ' MOD_ROCKET\r\n'),
(22836, 1278, 'Mal', ' MOD_ROCKET_SPLASH\r\n'),
(22837, 1278, 'Chessus', ' MOD_ROCKET_SPLASH\r\n'),
(22838, 1278, 'Zeh', ' MOD_ROCKET_SPLASH\r\n'),
(22839, 1278, 'Dono da Bola', ' MOD_ROCKET\r\n'),
(22840, 1278, 'Isgalamido', ' MOD_ROCKET_SPLASH\r\n'),
(22841, 1278, 'Dono da Bola', ' MOD_RAILGUN\r\n'),
(22842, 1278, 'Mal', ' MOD_ROCKET_SPLASH\r\n'),
(22843, 1278, 'Assasinu Credi', ' MOD_ROCKET_SPLASH\r\n'),
(22844, 1278, 'Dono da Bola', ' MOD_RAILGUN\r\n'),
(22845, 1278, 'Mal', ' MOD_TRIGGER_HURT\r\n'),
(22846, 1278, 'Assasinu Credi', ' MOD_ROCKET_SPLASH\r\n'),
(22847, 1278, 'Zeh', ' MOD_ROCKET_SPLASH\r\n'),
(22848, 1278, 'Isgalamido', ' MOD_ROCKET_SPLASH\r\n'),
(22849, 1278, 'Dono da Bola', ' MOD_TRIGGER_HURT\r\n'),
(22850, 1278, 'Assasinu Credi', ' MOD_ROCKET_SPLASH\r\n'),
(22851, 1278, 'Dono da Bola', ' MOD_ROCKET_SPLASH\r\n'),
(22852, 1278, 'Isgalamido', ' MOD_RAILGUN\r\n'),
(22853, 1278, 'Mal', ' MOD_TRIGGER_HURT\r\n'),
(22854, 1278, 'Assasinu Credi', ' MOD_ROCKET_SPLASH\r\n'),
(22855, 1278, 'Dono da Bola', ' MOD_ROCKET_SPLASH\r\n'),
(22856, 1278, 'Chessus', ' MOD_MACHINEGUN\r\n'),
(22857, 1278, 'Zeh', ' MOD_RAILGUN\r\n'),
(22858, 1278, 'Chessus', ' MOD_TRIGGER_HURT\r\n'),
(22859, 1278, 'Mal', ' MOD_RAILGUN\r\n'),
(22860, 1278, 'Zeh', ' MOD_RAILGUN\r\n'),
(22861, 1278, 'Dono da Bola', ' MOD_ROCKET_SPLASH\r\n'),
(22862, 1278, 'Oootsimo', ' MOD_MACHINEGUN\r\n'),
(22863, 1278, 'Mal', ' MOD_TRIGGER_HURT\r\n'),
(22864, 1278, 'Assasinu Credi', ' MOD_RAILGUN\r\n'),
(22865, 1278, 'Dono da Bola', ' MOD_ROCKET_SPLASH\r\n'),
(22866, 1278, 'Isgalamido', ' MOD_BFG_SPLASH\r\n'),
(22867, 1278, 'Chessus', ' MOD_BFG\r\n'),
(22868, 1278, 'Mal', ' MOD_BFG\r\n'),
(22869, 1278, 'Dono da Bola', ' MOD_ROCKET_SPLASH\r\n'),
(22870, 1278, 'Oootsimo', ' MOD_ROCKET\r\n'),
(22871, 1278, 'Mal', ' MOD_TRIGGER_HURT\r\n'),
(22872, 1278, 'Dono da Bola', ' MOD_TRIGGER_HURT\r\n'),
(22873, 1278, 'Chessus', ' MOD_RAILGUN\r\n'),
(22874, 1278, 'Oootsimo', ' MOD_RAILGUN\r\n'),
(22875, 1278, 'Mal', ' MOD_ROCKET_SPLASH\r\n'),
(22876, 1278, 'Zeh', ' MOD_RAILGUN\r\n'),
(22877, 1278, 'Dono da Bola', ' MOD_ROCKET_SPLASH\r\n'),
(22878, 1278, 'Chessus', ' MOD_RAILGUN\r\n'),
(22879, 1278, 'Isgalamido', ' MOD_ROCKET_SPLASH\r\n'),
(22880, 1278, 'Dono da Bola', ' MOD_TRIGGER_HURT\r\n'),
(22881, 1278, 'Mal', ' MOD_BFG\r\n'),
(22882, 1278, 'Oootsimo', ' MOD_TRIGGER_HURT\r\n'),
(22883, 1278, 'Zeh', ' MOD_RAILGUN\r\n'),
(22884, 1278, 'Mal', ' MOD_RAILGUN\r\n'),
(22885, 1278, 'Chessus', ' MOD_RAILGUN\r\n'),
(22886, 1278, 'Oootsimo', ' MOD_ROCKET_SPLASH\r\n'),
(22887, 1278, 'Dono da Bola', ' MOD_RAILGUN\r\n'),
(22888, 1278, 'Zeh', ' MOD_MACHINEGUN\r\n'),
(22889, 1278, 'Mal', ' MOD_TRIGGER_HURT\r\n'),
(22890, 1278, 'Oootsimo', ' MOD_TRIGGER_HURT\r\n'),
(22891, 1278, 'Isgalamido', ' MOD_RAILGUN\r\n'),
(22892, 1278, 'Assasinu Credi', ' MOD_RAILGUN\r\n'),
(22893, 1278, 'Isgalamido', ' MOD_ROCKET\r\n'),
(22894, 1278, 'Oootsimo', ' MOD_ROCKET_SPLASH\r\n'),
(22895, 1278, 'Chessus', ' MOD_RAILGUN\r\n'),
(22896, 1278, 'Mal', ' MOD_TRIGGER_HURT\r\n'),
(22897, 1278, 'Oootsimo', ' MOD_TRIGGER_HURT\r\n'),
(22898, 1278, 'Chessus', ' MOD_RAILGUN\r\n'),
(22899, 1278, 'Assasinu Credi', ' MOD_ROCKET_SPLASH\r\n'),
(22900, 1278, 'Isgalamido', ' MOD_ROCKET\r\n'),
(22901, 1278, 'Dono da Bola', ' MOD_MACHINEGUN\r\n'),
(22902, 1278, 'Mal', ' MOD_MACHINEGUN\r\n'),
(22903, 1278, 'Oootsimo', ' MOD_TRIGGER_HURT\r\n'),
(22904, 1278, 'Chessus', ' MOD_TRIGGER_HURT\r\n'),
(22905, 1278, 'Zeh', ' MOD_ROCKET_SPLASH\r\n'),
(22906, 1278, 'Assasinu Credi', ' MOD_RAILGUN\r\n'),
(22907, 1278, 'Mal', ' MOD_BFG\r\n'),
(22908, 1278, 'Isgalamido', ' MOD_ROCKET_SPLASH\r\n'),
(22909, 1278, 'Oootsimo', ' MOD_RAILGUN\r\n'),
(22910, 1278, 'Chessus', ' MOD_BFG_SPLASH\r\n'),
(22911, 1278, 'Zeh', ' MOD_TRIGGER_HURT\r\n'),
(22912, 1278, 'Isgalamido', ' MOD_ROCKET\r\n'),
(22913, 1278, 'Assasinu Credi', ' MOD_ROCKET_SPLASH\r\n'),
(22914, 1278, 'Oootsimo', ' MOD_RAILGUN\r\n'),
(22915, 1278, 'Dono da Bola', ' MOD_ROCKET\r\n'),
(22916, 1278, 'Mal', ' MOD_BFG_SPLASH\r\n'),
(22917, 1278, 'Zeh', ' MOD_ROCKET\r\n'),
(22918, 1278, 'Oootsimo', ' MOD_ROCKET_SPLASH\r\n'),
(22919, 1278, 'Isgalamido', ' MOD_RAILGUN\r\n'),
(22920, 1278, 'Chessus', ' MOD_RAILGUN\r\n'),
(22921, 1278, 'Assasinu Credi', ' MOD_ROCKET_SPLASH\r\n'),
(22922, 1278, 'Isgalamido', ' MOD_ROCKET\r\n'),
(22923, 1278, 'Oootsimo', ' MOD_TRIGGER_HURT\r\n'),
(22924, 1278, 'Dono da Bola', ' MOD_ROCKET\r\n'),
(22925, 1278, 'Isgalamido', ' MOD_ROCKET\r\n'),
(22926, 1278, 'Mal', ' MOD_TRIGGER_HURT\r\n'),
(22927, 1278, 'Dono da Bola', ' MOD_ROCKET\r\n'),
(22928, 1278, 'Assasinu Credi', ' MOD_TRIGGER_HURT\r\n'),
(22929, 1278, 'Isgalamido', ' MOD_MACHINEGUN\r\n'),
(22930, 1278, 'Mal', ' MOD_TRIGGER_HURT\r\n'),
(22931, 1278, 'Dono da Bola', ' MOD_RAILGUN\r\n'),
(22932, 1278, 'Oootsimo', ' MOD_TRIGGER_HURT\r\n'),
(22933, 1278, 'Chessus', ' MOD_RAILGUN\r\n'),
(22934, 1278, 'Oootsimo', ' MOD_TRIGGER_HURT\r\n'),
(22935, 1278, 'Dono da Bola', ' MOD_TRIGGER_HURT\r\n'),
(22936, 1278, 'Mal', ' MOD_ROCKET\r\n'),
(22937, 1278, 'Isgalamido', ' MOD_ROCKET\r\n'),
(22938, 1278, 'Assasinu Credi', ' MOD_BFG_SPLASH\r\n'),
(22939, 1278, 'Chessus', ' MOD_ROCKET\r\n'),
(22940, 1278, 'Dono da Bola', ' MOD_RAILGUN\r\n'),
(22941, 1278, 'Oootsimo', ' MOD_BFG\r\n'),
(22942, 1278, 'Assasinu Credi', ' MOD_ROCKET_SPLASH\r\n'),
(22943, 1278, 'Isgalamido', ' MOD_BFG_SPLASH\r\n'),
(22944, 1278, 'Chessus', ' MOD_BFG_SPLASH\r\n'),
(22945, 1278, 'Zeh', ' MOD_BFG\r\n'),
(22946, 1278, 'Mal', ' MOD_TRIGGER_HURT\r\n'),
(22947, 1278, 'Isgalamido', ' MOD_RAILGUN\r\n'),
(22948, 1278, 'Chessus', ' MOD_TRIGGER_HURT\r\n'),
(22949, 1278, 'Assasinu Credi', ' MOD_RAILGUN\r\n'),
(22950, 1278, 'Oootsimo', ' MOD_MACHINEGUN\r\n'),
(22951, 1278, 'Dono da Bola', ' MOD_FALLING\r\n'),
(22952, 1278, 'Zeh', ' MOD_ROCKET\r\n'),
(22953, 1278, 'Chessus', ' MOD_RAILGUN\r\n'),
(22954, 1278, 'Mal', ' MOD_TRIGGER_HURT\r\n'),
(22955, 1278, 'Assasinu Credi', ' MOD_ROCKET\r\n'),
(22956, 1278, 'Oootsimo', ' MOD_RAILGUN\r\n'),
(22957, 1278, 'Isgalamido', ' MOD_RAILGUN\r\n'),
(22958, 1278, 'Dono da Bola', ' MOD_ROCKET\r\n'),
(22959, 1278, 'Isgalamido', ' MOD_ROCKET\r\n'),
(22960, 1278, 'Dono da Bola', ' MOD_ROCKET\r\n'),
(22961, 1278, 'Zeh', ' MOD_ROCKET_SPLASH\r\n'),
(22962, 1278, 'Assasinu Credi', ' MOD_TRIGGER_HURT\r\n'),
(22963, 1278, 'Oootsimo', ' MOD_ROCKET\r\n'),
(22964, 1278, 'Chessus', ' MOD_BFG_SPLASH\r\n'),
(22965, 1278, 'Mal', ' MOD_TRIGGER_HURT\r\n'),
(22966, 1278, 'Dono da Bola', ' MOD_ROCKET\r\n'),
(22967, 1278, 'Oootsimo', ' MOD_TRIGGER_HURT\r\n'),
(22968, 1278, 'Zeh', ' MOD_ROCKET\r\n'),
(22969, 1278, 'Oootsimo', ' MOD_TRIGGER_HURT\r\n'),
(22970, 1278, 'Assasinu Credi', ' MOD_RAILGUN\r\n'),
(22971, 1278, 'Isgalamido', ' MOD_BFG\r\n'),
(22972, 1278, 'Mal', ' MOD_FALLING\r\n'),
(22973, 1278, 'Assasinu Credi', ' MOD_TRIGGER_HURT\r\n'),
(22974, 1278, 'Dono da Bola', ' MOD_ROCKET\r\n'),
(22975, 1278, 'Oootsimo', ' MOD_BFG\r\n'),
(22976, 1278, 'Zeh', ' MOD_ROCKET_SPLASH\r\n'),
(22977, 1279, 'Isgalamido', ' MOD_TRIGGER_HURT\r\n'),
(22978, 1279, 'Assasinu Credi', ' MOD_ROCKET\r\n'),
(22979, 1279, 'Dono da Bola', ' MOD_TRIGGER_HURT\r\n'),
(22980, 1279, 'Oootsimo', ' MOD_ROCKET_SPLASH\r\n'),
(22981, 1279, 'Assasinu Credi', ' MOD_BFG_SPLASH\r\n'),
(22982, 1279, 'Dono da Bola', ' MOD_BFG\r\n'),
(22983, 1280, 'Zeh', ' MOD_RAILGUN\r\n'),
(22984, 1280, 'Dono da Bola', ' MOD_RAILGUN\r\n'),
(22985, 1280, 'Mal', ' MOD_TRIGGER_HURT\r\n'),
(22986, 1280, 'Oootsimo', ' MOD_ROCKET\r\n'),
(22987, 1280, 'Zeh', ' MOD_ROCKET\r\n'),
(22988, 1280, 'Oootsimo', ' MOD_TRIGGER_HURT\r\n'),
(22989, 1280, 'Dono da Bola', ' MOD_RAILGUN\r\n'),
(22990, 1280, 'Assasinu Credi', ' MOD_ROCKET_SPLASH\r\n'),
(22991, 1280, 'Oootsimo', ' MOD_ROCKET\r\n'),
(22992, 1280, 'Mal', ' MOD_ROCKET\r\n'),
(22993, 1280, 'Dono da Bola', ' MOD_MACHINEGUN\r\n'),
(22994, 1280, 'Oootsimo', ' MOD_BFG_SPLASH\r\n'),
(22995, 1280, 'Assasinu Credi', ' MOD_ROCKET\r\n'),
(22996, 1280, 'Dono da Bola', ' MOD_TRIGGER_HURT\r\n'),
(22997, 1280, 'Isgalamido', ' MOD_ROCKET_SPLASH\r\n'),
(22998, 1280, 'Chessus', ' MOD_ROCKET_SPLASH\r\n'),
(22999, 1280, 'Assasinu Credi', ' MOD_TRIGGER_HURT\r\n'),
(23000, 1280, 'Zeh', ' MOD_TRIGGER_HURT\r\n'),
(23001, 1280, 'Dono da Bola', ' MOD_ROCKET_SPLASH\r\n'),
(23002, 1280, 'Mal', ' MOD_TRIGGER_HURT\r\n'),
(23003, 1280, 'Chessus', ' MOD_ROCKET_SPLASH\r\n'),
(23004, 1280, 'Dono da Bola', ' MOD_ROCKET_SPLASH\r\n'),
(23005, 1280, 'Oootsimo', ' MOD_TRIGGER_HURT\r\n'),
(23006, 1280, 'Zeh', ' MOD_FALLING\r\n'),
(23007, 1280, 'Isgalamido', ' MOD_ROCKET\r\n'),
(23008, 1280, 'Assasinu Credi', ' MOD_ROCKET_SPLASH\r\n'),
(23009, 1280, 'Dono da Bola', ' MOD_ROCKET\r\n'),
(23010, 1280, 'Mal', ' MOD_ROCKET_SPLASH\r\n'),
(23011, 1280, 'Zeh', ' MOD_FALLING\r\n'),
(23012, 1280, 'Chessus', ' MOD_BFG_SPLASH\r\n'),
(23013, 1280, 'Zeh', ' MOD_RAILGUN\r\n'),
(23014, 1280, 'Isgalamido', ' MOD_RAILGUN\r\n'),
(23015, 1280, 'Dono da Bola', ' MOD_ROCKET\r\n'),
(23016, 1280, 'Zeh', ' MOD_TRIGGER_HURT\r\n'),
(23017, 1280, 'Mal', ' MOD_RAILGUN\r\n'),
(23018, 1280, 'Isgalamido', ' MOD_TRIGGER_HURT\r\n'),
(23019, 1280, 'Chessus', ' MOD_TRIGGER_HURT\r\n'),
(23020, 1280, 'Oootsimo', ' MOD_RAILGUN\r\n'),
(23021, 1280, 'Assasinu Credi', ' MOD_TRIGGER_HURT\r\n'),
(23022, 1280, 'Zeh', ' MOD_BFG_SPLASH\r\n'),
(23023, 1280, 'Oootsimo', ' MOD_ROCKET\r\n'),
(23024, 1280, 'Mal', ' MOD_TRIGGER_HURT\r\n'),
(23025, 1280, 'Chessus', ' MOD_BFG_SPLASH\r\n'),
(23026, 1280, 'Isgalamido', ' MOD_FALLING\r\n'),
(23027, 1280, 'Chessus', ' MOD_TRIGGER_HURT\r\n'),
(23028, 1280, 'Zeh', ' MOD_RAILGUN\r\n'),
(23029, 1280, 'Dono da Bola', ' MOD_ROCKET\r\n'),
(23030, 1280, 'Assasinu Credi', ' MOD_TRIGGER_HURT\r\n'),
(23031, 1280, 'Isgalamido', ' MOD_TRIGGER_HURT\r\n'),
(23032, 1280, 'Assasinu Credi', ' MOD_ROCKET\r\n'),
(23033, 1280, 'Mal', ' MOD_ROCKET_SPLASH\r\n'),
(23034, 1280, 'Dono da Bola', ' MOD_FALLING\r\n'),
(23035, 1280, 'Zeh', ' MOD_MACHINEGUN\r\n'),
(23036, 1280, 'Dono da Bola', ' MOD_ROCKET_SPLASH\r\n'),
(23037, 1280, 'Assasinu Credi', ' MOD_ROCKET_SPLASH\r\n'),
(23038, 1280, 'Chessus', ' MOD_RAILGUN\r\n'),
(23039, 1280, 'Isgalamido', ' MOD_RAILGUN\r\n'),
(23040, 1280, 'Dono da Bola', ' MOD_RAILGUN\r\n'),
(23041, 1280, 'Assasinu Credi', ' MOD_ROCKET\r\n'),
(23042, 1280, 'Zeh', ' MOD_BFG_SPLASH\r\n'),
(23043, 1280, 'Chessus', ' MOD_BFG_SPLASH\r\n'),
(23044, 1280, 'Mal', ' MOD_ROCKET_SPLASH\r\n'),
(23045, 1280, 'Dono da Bola', ' MOD_TRIGGER_HURT\r\n'),
(23046, 1280, 'Zeh', ' MOD_ROCKET_SPLASH\r\n'),
(23047, 1280, 'Assasinu Credi', ' MOD_ROCKET_SPLASH\r\n'),
(23048, 1280, 'Mal', ' MOD_BFG_SPLASH\r\n'),
(23049, 1280, 'Chessus', ' MOD_BFG\r\n'),
(23050, 1280, 'Dono da Bola', ' MOD_TRIGGER_HURT\r\n'),
(23051, 1280, 'Isgalamido', ' MOD_RAILGUN\r\n'),
(23052, 1280, 'Assasinu Credi', ' MOD_ROCKET_SPLASH\r\n'),
(23053, 1280, 'Dono da Bola', ' MOD_RAILGUN\r\n'),
(23054, 1280, 'Assasinu Credi', ' MOD_ROCKET\r\n'),
(23055, 1280, 'Zeh', ' MOD_BFG_SPLASH\r\n'),
(23056, 1280, 'Dono da Bola', ' MOD_ROCKET_SPLASH\r\n'),
(23057, 1280, 'Chessus', ' MOD_BFG\r\n'),
(23058, 1280, 'Isgalamido', ' MOD_ROCKET_SPLASH\r\n'),
(23059, 1280, 'Oootsimo', ' MOD_MACHINEGUN\r\n'),
(23060, 1280, 'Isgalamido', ' MOD_BFG\r\n'),
(23061, 1280, 'Assasinu Credi', ' MOD_BFG\r\n'),
(23062, 1280, 'Mal', ' MOD_RAILGUN\r\n'),
(23063, 1280, 'Dono da Bola', ' MOD_MACHINEGUN\r\n'),
(23064, 1280, 'Assasinu Credi', ' MOD_TRIGGER_HURT\r\n'),
(23065, 1280, 'Chessus', ' MOD_BFG_SPLASH\r\n'),
(23066, 1280, 'Mal', ' MOD_BFG\r\n'),
(23067, 1280, 'Dono da Bola', ' MOD_ROCKET\r\n'),
(23068, 1280, 'Oootsimo', ' MOD_TRIGGER_HURT\r\n'),
(23069, 1280, 'Zeh', ' MOD_TRIGGER_HURT\r\n'),
(23070, 1280, 'Mal', ' MOD_TRIGGER_HURT\r\n'),
(23071, 1280, 'Oootsimo', ' MOD_ROCKET_SPLASH\r\n'),
(23072, 1280, 'Chessus', ' MOD_TRIGGER_HURT\r\n'),
(23073, 1280, 'Zeh', ' MOD_ROCKET_SPLASH\r\n'),
(23074, 1280, 'Mal', ' MOD_RAILGUN\r\n'),
(23075, 1280, 'Assasinu Credi', ' MOD_ROCKET_SPLASH\r\n'),
(23076, 1280, 'Zeh', ' MOD_TRIGGER_HURT\r\n'),
(23077, 1280, 'Chessus', ' MOD_RAILGUN\r\n'),
(23078, 1280, 'Dono da Bola', ' MOD_ROCKET\r\n'),
(23079, 1280, 'Mal', ' MOD_TRIGGER_HURT\r\n'),
(23080, 1280, 'Mal', ' MOD_ROCKET\r\n'),
(23081, 1280, 'Dono da Bola', ' MOD_RAILGUN\r\n'),
(23082, 1280, 'Zeh', ' MOD_BFG_SPLASH\r\n'),
(23083, 1280, 'Mal', ' MOD_ROCKET\r\n'),
(23084, 1280, 'Assasinu Credi', ' MOD_ROCKET_SPLASH\r\n'),
(23085, 1280, 'Zeh', ' MOD_ROCKET_SPLASH\r\n'),
(23086, 1280, 'Dono da Bola', ' MOD_TRIGGER_HURT\r\n'),
(23087, 1280, 'Oootsimo', ' MOD_ROCKET\r\n'),
(23088, 1280, 'Dono da Bola', ' MOD_TRIGGER_HURT\r\n'),
(23089, 1280, 'Zeh', ' MOD_TRIGGER_HURT\r\n'),
(23090, 1280, 'Mal', ' MOD_TRIGGER_HURT\r\n'),
(23091, 1280, 'Chessus', ' MOD_ROCKET\r\n'),
(23092, 1280, 'Dono da Bola', ' MOD_ROCKET_SPLASH\r\n'),
(23093, 1280, 'Zeh', ' MOD_ROCKET\r\n'),
(23094, 1280, 'Mal', ' MOD_TRIGGER_HURT\r\n'),
(23095, 1280, 'Isgalamido', ' MOD_ROCKET\r\n'),
(23096, 1280, 'Zeh', ' MOD_ROCKET_SPLASH\r\n'),
(23097, 1280, 'Dono da Bola', ' MOD_FALLING\r\n'),
(23098, 1280, 'Assasinu Credi', ' MOD_RAILGUN\r\n'),
(23099, 1280, 'Mal', ' MOD_TRIGGER_HURT\r\n'),
(23100, 1280, 'Isgalamido', ' MOD_RAILGUN\r\n'),
(23101, 1280, 'Assasinu Credi', ' MOD_ROCKET\r\n'),
(23102, 1280, 'Dono da Bola', ' MOD_RAILGUN\r\n'),
(23103, 1280, 'Mal', ' MOD_ROCKET\r\n'),
(23104, 1280, 'Assasinu Credi', ' MOD_TRIGGER_HURT\r\n'),
(23105, 1281, 'Zeh', ' MOD_TRIGGER_HURT\r\n'),
(23106, 1281, 'Zeh', ' MOD_TRIGGER_HURT\r\n'),
(23107, 1281, 'Zeh', ' MOD_TRIGGER_HURT\r\n'),
(23108, 1283, 'Dono da Bola', ' MOD_FALLING\r\n'),
(23109, 1283, 'Zeh', ' MOD_TRIGGER_HURT\r\n'),
(23110, 1283, 'Assasinu Credi', ' MOD_TRIGGER_HURT\r\n'),
(23111, 1283, 'Oootsimo', ' MOD_TRIGGER_HURT\r\n'),
(23112, 1283, 'Assasinu Credi', ' MOD_FALLING\r\n'),
(23113, 1283, 'Dono da Bola', ' MOD_TRIGGER_HURT\r\n'),
(23114, 1283, 'Isgalamido', ' MOD_FALLING\r\n'),
(23115, 1283, 'Assasinu Credi', ' MOD_RAILGUN\r\n'),
(23116, 1283, 'Oootsimo', ' MOD_RAILGUN\r\n'),
(23117, 1283, 'Zeh', ' MOD_ROCKET_SPLASH\r\n'),
(23118, 1283, 'Mal', ' MOD_TRIGGER_HURT\r\n'),
(23119, 1283, 'Assasinu Credi', ' MOD_TRIGGER_HURT\r\n'),
(23120, 1283, 'Oootsimo', ' MOD_ROCKET_SPLASH\r\n'),
(23121, 1284, 'Assasinu Credi', ' MOD_ROCKET_SPLASH\r\n'),
(23122, 1284, 'Isgalamido', ' MOD_ROCKET_SPLASH\r\n'),
(23123, 1284, 'Mal', ' MOD_ROCKET\r\n'),
(23124, 1284, 'Oootsimo', ' MOD_ROCKET_SPLASH\r\n'),
(23125, 1284, 'Dono da Bola', ' MOD_FALLING\r\n'),
(23126, 1284, 'Mal', ' MOD_TRIGGER_HURT\r\n'),
(23127, 1284, 'Zeh', ' MOD_ROCKET_SPLASH\r\n'),
(23128, 1285, 'Mal', ' MOD_TRIGGER_HURT\r\n'),
(23129, 1285, 'Dono da Bola', ' MOD_ROCKET\r\n'),
(23130, 1285, 'Assasinu Credi', ' MOD_ROCKET\r\n'),
(23131, 1285, 'Zeh', ' MOD_ROCKET_SPLASH\r\n'),
(23132, 1285, 'Zeh', ' MOD_SHOTGUN\r\n'),
(23133, 1285, 'Dono da Bola', ' MOD_TRIGGER_HURT\r\n'),
(23134, 1285, 'Mal', ' MOD_SHOTGUN\r\n'),
(23135, 1285, 'Oootsimo', ' MOD_RAILGUN\r\n'),
(23136, 1285, 'Isgalamido', ' MOD_MACHINEGUN\r\n'),
(23137, 1285, 'Zeh', ' MOD_ROCKET_SPLASH\r\n'),
(23138, 1285, 'Assasinu Credi', ' MOD_TRIGGER_HURT\r\n'),
(23139, 1285, 'Mal', ' MOD_TRIGGER_HURT\r\n'),
(23140, 1285, 'Zeh', ' MOD_RAILGUN\r\n'),
(23141, 1285, 'Isgalamido', ' MOD_TRIGGER_HURT\r\n'),
(23142, 1285, 'Assasinu Credi', ' MOD_ROCKET\r\n'),
(23143, 1285, 'Oootsimo', ' MOD_RAILGUN\r\n'),
(23144, 1285, 'Dono da Bola', ' MOD_ROCKET_SPLASH\r\n'),
(23145, 1285, 'Zeh', ' MOD_RAILGUN\r\n'),
(23146, 1285, 'Oootsimo', ' MOD_ROCKET_SPLASH\r\n'),
(23147, 1285, 'Mal', ' MOD_RAILGUN\r\n'),
(23148, 1285, 'Dono da Bola', ' MOD_MACHINEGUN\r\n'),
(23149, 1285, 'Mal', ' MOD_ROCKET\r\n'),
(23150, 1285, 'Isgalamido', ' MOD_ROCKET_SPLASH\r\n'),
(23151, 1285, 'Assasinu Credi', ' MOD_ROCKET\r\n'),
(23152, 1285, 'Oootsimo', ' MOD_ROCKET_SPLASH\r\n'),
(23153, 1285, 'Isgalamido', ' MOD_ROCKET_SPLASH\r\n'),
(23154, 1285, 'Isgalamido', ' MOD_MACHINEGUN\r\n'),
(23155, 1285, 'Zeh', ' MOD_RAILGUN\r\n'),
(23156, 1285, 'Dono da Bola', ' MOD_MACHINEGUN\r\n'),
(23157, 1285, 'Oootsimo', ' MOD_ROCKET\r\n'),
(23158, 1285, 'Zeh', ' MOD_ROCKET_SPLASH\r\n'),
(23159, 1285, 'Assasinu Credi', ' MOD_ROCKET\r\n'),
(23160, 1285, 'Dono da Bola', ' MOD_ROCKET_SPLASH\r\n'),
(23161, 1285, 'Assasinu Credi', ' MOD_ROCKET\r\n'),
(23162, 1285, 'Zeh', ' MOD_RAILGUN\r\n'),
(23163, 1285, 'Oootsimo', ' MOD_ROCKET\r\n'),
(23164, 1285, 'Mal', ' MOD_ROCKET_SPLASH\r\n'),
(23165, 1285, 'Mal', ' MOD_TRIGGER_HURT\r\n'),
(23166, 1285, 'Assasinu Credi', ' MOD_FALLING\r\n'),
(23167, 1285, 'Isgalamido', ' MOD_ROCKET\r\n'),
(23168, 1285, 'Mal', ' MOD_ROCKET_SPLASH\r\n'),
(23169, 1285, 'Oootsimo', ' MOD_RAILGUN\r\n'),
(23170, 1285, 'Mal', ' MOD_TRIGGER_HURT\r\n'),
(23171, 1285, 'Zeh', ' MOD_SHOTGUN\r\n'),
(23172, 1285, 'Oootsimo', ' MOD_ROCKET\r\n'),
(23173, 1285, 'Dono da Bola', ' MOD_ROCKET_SPLASH\r\n'),
(23174, 1285, 'Zeh', ' MOD_ROCKET\r\n'),
(23175, 1285, 'Oootsimo', ' MOD_ROCKET_SPLASH\r\n'),
(23176, 1285, 'Isgalamido', ' MOD_ROCKET\r\n'),
(23177, 1285, 'Mal', ' MOD_ROCKET\r\n'),
(23178, 1285, 'Assasinu Credi', ' MOD_ROCKET_SPLASH\r\n'),
(23179, 1285, 'Oootsimo', ' MOD_SHOTGUN\r\n'),
(23180, 1285, 'Assasinu Credi', ' MOD_SHOTGUN\r\n'),
(23181, 1285, 'Zeh', ' MOD_ROCKET\r\n'),
(23182, 1285, 'Mal', ' MOD_ROCKET\r\n'),
(23183, 1285, 'Isgalamido', ' MOD_ROCKET_SPLASH\r\n'),
(23184, 1285, 'Dono da Bola', ' MOD_SHOTGUN\r\n'),
(23185, 1285, 'Zeh', ' MOD_ROCKET\r\n'),
(23186, 1285, 'Oootsimo', ' MOD_ROCKET\r\n'),
(23187, 1285, 'Zeh', ' MOD_ROCKET\r\n'),
(23188, 1285, 'Mal', ' MOD_ROCKET_SPLASH\r\n'),
(23189, 1285, 'Dono da Bola', ' MOD_ROCKET_SPLASH\r\n'),
(23190, 1285, 'Assasinu Credi', ' MOD_TRIGGER_HURT\r\n'),
(23191, 1285, 'Oootsimo', ' MOD_TRIGGER_HURT\r\n'),
(23192, 1285, 'Zeh', ' MOD_MACHINEGUN\r\n'),
(23193, 1285, 'Oootsimo', ' MOD_ROCKET\r\n'),
(23194, 1285, 'Dono da Bola', ' MOD_ROCKET_SPLASH\r\n'),
(23195, 1285, 'Isgalamido', ' MOD_ROCKET_SPLASH\r\n'),
(23196, 1285, 'Mal', ' MOD_ROCKET_SPLASH\r\n'),
(23197, 1285, 'Assasinu Credi', ' MOD_ROCKET_SPLASH\r\n'),
(23198, 1285, 'Zeh', ' MOD_ROCKET\r\n'),
(23199, 1285, 'Isgalamido', ' MOD_ROCKET\r\n'),
(23200, 1285, 'Assasinu Credi', ' MOD_ROCKET_SPLASH\r\n'),
(23201, 1285, 'Mal', ' MOD_ROCKET_SPLASH\r\n'),
(23202, 1285, 'Oootsimo', ' MOD_ROCKET_SPLASH\r\n'),
(23203, 1285, 'Dono da Bola', ' MOD_MACHINEGUN\r\n'),
(23204, 1285, 'Mal', ' MOD_ROCKET_SPLASH\r\n'),
(23205, 1285, 'Zeh', ' MOD_RAILGUN\r\n'),
(23206, 1285, 'Assasinu Credi', ' MOD_ROCKET_SPLASH\r\n'),
(23207, 1285, 'Mal', ' MOD_TRIGGER_HURT\r\n'),
(23208, 1285, 'Dono da Bola', ' MOD_ROCKET_SPLASH\r\n'),
(23209, 1285, 'Zeh', ' MOD_TRIGGER_HURT\r\n'),
(23210, 1285, 'Assasinu Credi', ' MOD_ROCKET\r\n'),
(23211, 1285, 'Dono da Bola', ' MOD_ROCKET\r\n'),
(23212, 1285, 'Mal', ' MOD_ROCKET_SPLASH\r\n'),
(23213, 1285, 'Assasinu Credi', ' MOD_ROCKET_SPLASH\r\n'),
(23214, 1285, 'Mal', ' MOD_TRIGGER_HURT\r\n'),
(23215, 1285, 'Zeh', ' MOD_RAILGUN\r\n'),
(23216, 1285, 'Mal', ' MOD_ROCKET\r\n'),
(23217, 1285, 'Dono da Bola', ' MOD_ROCKET_SPLASH\r\n'),
(23218, 1285, 'Isgalamido', ' MOD_MACHINEGUN\r\n'),
(23219, 1285, 'Assasinu Credi', ' MOD_ROCKET_SPLASH\r\n'),
(23220, 1285, 'Dono da Bola', ' MOD_ROCKET\r\n'),
(23221, 1285, 'Isgalamido', ' MOD_ROCKET\r\n'),
(23222, 1285, 'Assasinu Credi', ' MOD_ROCKET_SPLASH\r\n'),
(23223, 1286, 'Zeh', ' MOD_ROCKET_SPLASH\r\n'),
(23224, 1286, 'Dono da Bola', ' MOD_ROCKET_SPLASH\r\n'),
(23225, 1286, 'Assasinu Credi', ' MOD_ROCKET\r\n'),
(23226, 1287, 'Isgalamido', ' MOD_ROCKET\r\n'),
(23227, 1287, 'Dono da Bola', ' MOD_TRIGGER_HURT\r\n'),
(23228, 1287, 'Oootsimo', ' MOD_ROCKET\r\n'),
(23229, 1287, 'Mal', ' MOD_TRIGGER_HURT\r\n'),
(23230, 1287, 'Zeh', ' MOD_RAILGUN\r\n'),
(23231, 1287, 'Oootsimo', ' MOD_ROCKET_SPLASH\r\n'),
(23232, 1287, 'Assasinu Credi', ' MOD_ROCKET_SPLASH\r\n'),
(23233, 1287, 'Oootsimo', ' MOD_MACHINEGUN\r\n'),
(23234, 1287, 'Zeh', ' MOD_RAILGUN\r\n'),
(23235, 1287, 'Mal', ' MOD_ROCKET\r\n'),
(23236, 1287, 'Dono da Bola', ' MOD_ROCKET\r\n'),
(23237, 1287, 'Assasinu Credi', ' MOD_ROCKET_SPLASH\r\n'),
(23238, 1287, 'Isgalamido', ' MOD_TRIGGER_HURT\r\n'),
(23239, 1287, 'Oootsimo', ' MOD_TRIGGER_HURT\r\n'),
(23240, 1287, 'Assasinu Credi', ' MOD_TRIGGER_HURT\r\n'),
(23241, 1287, 'Mal', ' MOD_ROCKET_SPLASH\r\n'),
(23242, 1287, 'Zeh', ' MOD_ROCKET\r\n'),
(23243, 1287, 'Assasinu Credi', ' MOD_ROCKET_SPLASH\r\n'),
(23244, 1287, 'Oootsimo', ' MOD_ROCKET_SPLASH\r\n'),
(23245, 1287, 'Dono da Bola', ' MOD_ROCKET_SPLASH\r\n'),
(23246, 1287, 'Assasinu Credi', ' MOD_ROCKET_SPLASH\r\n'),
(23247, 1287, 'Mal', ' MOD_ROCKET_SPLASH\r\n'),
(23248, 1287, 'Dono da Bola', ' MOD_ROCKET_SPLASH\r\n'),
(23249, 1287, 'Mal', ' MOD_TRIGGER_HURT\r\n'),
(23250, 1287, 'Oootsimo', ' MOD_ROCKET_SPLASH\r\n'),
(23251, 1287, 'Zeh', ' MOD_ROCKET_SPLASH\r\n'),
(23252, 1287, 'Isgalamido', ' MOD_ROCKET\r\n'),
(23253, 1287, 'Mal', ' MOD_TRIGGER_HURT\r\n'),
(23254, 1287, 'Assasinu Credi', ' MOD_ROCKET\r\n'),
(23255, 1287, 'Assasinu Credi', ' MOD_ROCKET_SPLASH\r\n'),
(23256, 1287, 'Dono da Bola', ' MOD_ROCKET_SPLASH\r\n'),
(23257, 1287, 'Assasinu Credi', ' MOD_RAILGUN\r\n'),
(23258, 1287, 'Mal', ' MOD_ROCKET_SPLASH\r\n'),
(23259, 1287, 'Oootsimo', ' MOD_ROCKET_SPLASH\r\n'),
(23260, 1287, 'Dono da Bola', ' MOD_ROCKET_SPLASH\r\n'),
(23261, 1287, 'Assasinu Credi', ' MOD_TRIGGER_HURT\r\n'),
(23262, 1287, 'Assasinu Credi', ' MOD_ROCKET_SPLASH\r\n'),
(23263, 1287, 'Mal', ' MOD_RAILGUN\r\n'),
(23264, 1287, 'Dono da Bola', ' MOD_ROCKET\r\n'),
(23265, 1287, 'Isgalamido', ' MOD_ROCKET_SPLASH\r\n'),
(23266, 1287, 'Mal', ' MOD_ROCKET\r\n'),
(23267, 1287, 'Assasinu Credi', ' MOD_ROCKET\r\n'),
(23268, 1287, 'Mal', ' MOD_ROCKET_SPLASH\r\n'),
(23269, 1287, 'Dono da Bola', ' MOD_RAILGUN\r\n'),
(23270, 1287, 'Zeh', ' MOD_ROCKET\r\n'),
(23271, 1287, 'Oootsimo', ' MOD_RAILGUN\r\n'),
(23272, 1287, 'Dono da Bola', ' MOD_RAILGUN\r\n'),
(23273, 1287, 'Assasinu Credi', ' MOD_ROCKET_SPLASH\r\n'),
(23274, 1287, 'Mal', ' MOD_TRIGGER_HURT\r\n'),
(23275, 1287, 'Oootsimo', ' MOD_TRIGGER_HURT\r\n'),
(23276, 1287, 'Isgalamido', ' MOD_ROCKET_SPLASH\r\n'),
(23277, 1287, 'Mal', ' MOD_TRIGGER_HURT\r\n'),
(23278, 1287, 'Assasinu Credi', ' MOD_TRIGGER_HURT\r\n'),
(23279, 1287, 'Assasinu Credi', ' MOD_ROCKET_SPLASH\r\n'),
(23280, 1287, 'Mal', ' MOD_MACHINEGUN\r\n'),
(23281, 1287, 'Zeh', ' MOD_ROCKET_SPLASH\r\n'),
(23282, 1287, 'Dono da Bola', ' MOD_ROCKET_SPLASH\r\n'),
(23283, 1287, 'Oootsimo', ' MOD_ROCKET_SPLASH\r\n'),
(23284, 1287, 'Isgalamido', ' MOD_ROCKET_SPLASH\r\n'),
(23285, 1287, 'Mal', ' MOD_ROCKET_SPLASH\r\n'),
(23286, 1287, 'Zeh', ' MOD_MACHINEGUN\r\n'),
(23287, 1287, 'Isgalamido', ' MOD_MACHINEGUN\r\n'),
(23288, 1287, 'Assasinu Credi', ' MOD_ROCKET_SPLASH\r\n'),
(23289, 1287, 'Oootsimo', ' MOD_ROCKET\r\n'),
(23290, 1287, 'Zeh', ' MOD_ROCKET\r\n'),
(23291, 1287, 'Mal', ' MOD_ROCKET_SPLASH\r\n'),
(23292, 1287, 'Assasinu Credi', ' MOD_ROCKET\r\n'),
(23293, 1287, 'Zeh', ' MOD_ROCKET_SPLASH\r\n'),
(23294, 1287, 'Dono da Bola', ' MOD_ROCKET_SPLASH\r\n'),
(23295, 1287, 'Assasinu Credi', ' MOD_ROCKET_SPLASH\r\n'),
(23296, 1287, 'Mal', ' MOD_ROCKET_SPLASH\r\n'),
(23297, 1287, 'Zeh', ' MOD_ROCKET\r\n'),
(23298, 1287, 'Assasinu Credi', ' MOD_ROCKET_SPLASH\r\n'),
(23299, 1287, 'Dono da Bola', ' MOD_RAILGUN\r\n'),
(23300, 1287, 'Isgalamido', ' MOD_SHOTGUN\r\n'),
(23301, 1287, 'Mal', ' MOD_SHOTGUN\r\n'),
(23302, 1287, 'Zeh', ' MOD_ROCKET_SPLASH\r\n'),
(23303, 1287, 'Assasinu Credi', ' MOD_ROCKET\r\n'),
(23304, 1287, 'Isgalamido', ' MOD_ROCKET_SPLASH\r\n'),
(23305, 1287, 'Assasinu Credi', ' MOD_ROCKET_SPLASH\r\n'),
(23306, 1287, 'Mal', ' MOD_ROCKET_SPLASH\r\n'),
(23307, 1287, 'Zeh', ' MOD_ROCKET_SPLASH\r\n'),
(23308, 1287, 'Assasinu Credi', ' MOD_ROCKET\r\n'),
(23309, 1287, 'Isgalamido', ' MOD_ROCKET\r\n'),
(23310, 1287, 'Mal', ' MOD_SHOTGUN\r\n'),
(23311, 1287, 'Assasinu Credi', ' MOD_ROCKET\r\n'),
(23312, 1287, 'Isgalamido', ' MOD_FALLING\r\n'),
(23313, 1287, 'Mal', ' MOD_SHOTGUN\r\n'),
(23314, 1287, 'Zeh', ' MOD_TRIGGER_HURT\r\n'),
(23315, 1287, 'Assasinu Credi', ' MOD_ROCKET_SPLASH\r\n'),
(23316, 1287, 'Isgalamido', ' MOD_ROCKET\r\n'),
(23317, 1287, 'Dono da Bola', ' MOD_ROCKET_SPLASH\r\n'),
(23318, 1287, 'Mal', ' MOD_ROCKET_SPLASH\r\n'),
(23319, 1287, 'Oootsimo', ' MOD_ROCKET_SPLASH\r\n'),
(23320, 1287, 'Dono da Bola', ' MOD_ROCKET_SPLASH\r\n'),
(23321, 1287, 'Mal', ' MOD_ROCKET_SPLASH\r\n');
INSERT INTO `kills` (`Kills_Id`, `Game_id`, `Nick_Name`, `Causa_Mortis`) VALUES
(23322, 1287, 'Oootsimo', ' MOD_ROCKET_SPLASH\r\n'),
(23323, 1287, 'Isgalamido', ' MOD_ROCKET_SPLASH\r\n'),
(23324, 1287, 'Dono da Bola', ' MOD_ROCKET_SPLASH\r\n'),
(23325, 1287, 'Mal', ' MOD_ROCKET_SPLASH\r\n'),
(23326, 1287, 'Isgalamido', ' MOD_ROCKET\r\n'),
(23327, 1287, 'Zeh', ' MOD_ROCKET\r\n'),
(23328, 1287, 'Oootsimo', ' MOD_ROCKET_SPLASH\r\n'),
(23329, 1287, 'Assasinu Credi', ' MOD_ROCKET_SPLASH\r\n'),
(23330, 1287, 'Isgalamido', ' MOD_ROCKET_SPLASH\r\n'),
(23331, 1287, 'Oootsimo', ' MOD_RAILGUN\r\n'),
(23332, 1287, 'Assasinu Credi', ' MOD_ROCKET_SPLASH\r\n'),
(23333, 1287, 'Zeh', ' MOD_FALLING\r\n'),
(23334, 1287, 'Mal', ' MOD_ROCKET\r\n'),
(23335, 1287, 'Assasinu Credi', ' MOD_ROCKET\r\n'),
(23336, 1287, 'Isgalamido', ' MOD_ROCKET\r\n'),
(23337, 1287, 'Dono da Bola', ' MOD_FALLING\r\n'),
(23338, 1287, 'Mal', ' MOD_ROCKET\r\n'),
(23339, 1287, 'Oootsimo', ' MOD_ROCKET_SPLASH\r\n'),
(23340, 1287, 'Isgalamido', ' MOD_ROCKET_SPLASH\r\n'),
(23341, 1287, 'Mal', ' MOD_ROCKET\r\n'),
(23342, 1287, 'Dono da Bola', ' MOD_ROCKET\r\n'),
(23343, 1287, 'Assasinu Credi', ' MOD_ROCKET\r\n'),
(23344, 1287, 'Mal', ' MOD_ROCKET\r\n'),
(23345, 1287, 'Assasinu Credi', ' MOD_ROCKET\r\n'),
(23346, 1287, 'Mal', ' MOD_ROCKET\r\n'),
(23347, 1287, 'Oootsimo', ' MOD_ROCKET\r\n'),
(23348, 1287, 'Isgalamido', ' MOD_ROCKET_SPLASH\r\n'),
(23349, 1287, 'Assasinu Credi', ' MOD_ROCKET_SPLASH\r\n'),
(23350, 1287, 'Dono da Bola', ' MOD_ROCKET_SPLASH\r\n'),
(23351, 1287, 'Assasinu Credi', ' MOD_ROCKET\r\n'),
(23352, 1287, 'Mal', ' MOD_TRIGGER_HURT\r\n'),
(23353, 1287, 'Oootsimo', ' MOD_ROCKET_SPLASH\r\n'),
(23354, 1287, 'Isgalamido', ' MOD_ROCKET\r\n'),
(23355, 1287, 'Mal', ' MOD_ROCKET\r\n'),
(23356, 1287, 'Dono da Bola', ' MOD_ROCKET\r\n');

-- --------------------------------------------------------

--
-- Estrutura da tabela `player`
--

DROP TABLE IF EXISTS `player`;
CREATE TABLE IF NOT EXISTS `player` (
  `Player_Id` int(11) NOT NULL AUTO_INCREMENT,
  `Game_Id` int(11) NOT NULL,
  `Nick_Name` varchar(50) NOT NULL,
  `Player_Kills` int(11) NOT NULL,
  PRIMARY KEY (`Player_Id`),
  KEY `Game_Id_Fk` (`Game_Id`) USING BTREE
) ENGINE=InnoDB AUTO_INCREMENT=4773 DEFAULT CHARSET=latin1;

--
-- Extraindo dados da tabela `player`
--

INSERT INTO `player` (`Player_Id`, `Game_Id`, `Nick_Name`, `Player_Kills`) VALUES
(4565, 1267, 'Isgalamido', 0),
(4566, 1268, 'Isgalamido', -7),
(4567, 1268, 'Dono da Bola', 0),
(4568, 1268, 'Mocinha', 0),
(4569, 1269, 'Isgalamido', 1),
(4570, 1269, 'Dono da Bola', -1),
(4571, 1269, 'Mocinha', 0),
(4572, 1269, 'Zeh', -2),
(4573, 1270, 'Isgalamido', 19),
(4574, 1270, 'Dono da Bola', 9),
(4575, 1270, 'Mocinha', 0),
(4576, 1270, 'Zeh', 20),
(4577, 1270, 'Assasinu Credi', 12),
(4578, 1271, 'Isgalamido', 2),
(4579, 1271, 'Dono da Bola', 0),
(4580, 1271, 'Mocinha', 0),
(4581, 1271, 'Zeh', 1),
(4582, 1271, 'Assasinu Credi', -1),
(4583, 1272, 'Isgalamido', 3),
(4584, 1272, 'Dono da Bola', 2),
(4585, 1272, 'Mocinha', 0),
(4586, 1272, 'Zeh', 7),
(4587, 1272, 'Assasinu Credi', 1),
(4588, 1272, 'Fasano Again', 0),
(4589, 1272, 'Oootsimo', 8),
(4590, 1272, 'UnnamedPlayer', 0),
(4591, 1272, 'Maluquinho', 0),
(4592, 1272, 'Mal', 0),
(4593, 1273, 'Isgalamido', 14),
(4594, 1273, 'Dono da Bola', 10),
(4595, 1273, 'Mocinha', 0),
(4596, 1273, 'Zeh', 8),
(4597, 1273, 'Assasinu Credi', 19),
(4598, 1273, 'Fasano Again', 0),
(4599, 1273, 'Oootsimo', 20),
(4600, 1273, 'UnnamedPlayer', 0),
(4601, 1273, 'Maluquinho', 0),
(4602, 1273, 'Mal', -3),
(4603, 1273, 'Chessus!', 0),
(4604, 1273, 'Chessus', 0),
(4605, 1274, 'Isgalamido', 20),
(4606, 1274, 'Dono da Bola', 1),
(4607, 1274, 'Mocinha', 0),
(4608, 1274, 'Zeh', 12),
(4609, 1274, 'Assasinu Credi', 9),
(4610, 1274, 'Fasano Again', 0),
(4611, 1274, 'Oootsimo', 15),
(4612, 1274, 'UnnamedPlayer', 0),
(4613, 1274, 'Maluquinho', 0),
(4614, 1274, 'Mal', -3),
(4615, 1274, 'Chessus!', 0),
(4616, 1274, 'Chessus', 0),
(4617, 1275, 'Isgalamido', 1),
(4618, 1275, 'Dono da Bola', 1),
(4619, 1275, 'Mocinha', 0),
(4620, 1275, 'Zeh', 12),
(4621, 1275, 'Assasinu Credi', 7),
(4622, 1275, 'Fasano Again', 0),
(4623, 1275, 'Oootsimo', 8),
(4624, 1275, 'UnnamedPlayer', 0),
(4625, 1275, 'Maluquinho', 0),
(4626, 1275, 'Mal', 2),
(4627, 1275, 'Chessus!', 0),
(4628, 1275, 'Chessus', 8),
(4629, 1276, 'Isgalamido', 5),
(4630, 1276, 'Dono da Bola', 3),
(4631, 1276, 'Mocinha', 0),
(4632, 1276, 'Zeh', 7),
(4633, 1276, 'Assasinu Credi', 3),
(4634, 1276, 'Fasano Again', 0),
(4635, 1276, 'Oootsimo', -1),
(4636, 1276, 'UnnamedPlayer', 0),
(4637, 1276, 'Maluquinho', 0),
(4638, 1276, 'Mal', 1),
(4639, 1276, 'Chessus!', 0),
(4640, 1276, 'Chessus', 5),
(4641, 1277, 'Isgalamido', 4),
(4642, 1277, 'Dono da Bola', -2),
(4643, 1277, 'Mocinha', 0),
(4644, 1277, 'Zeh', 0),
(4645, 1277, 'Assasinu Credi', -3),
(4646, 1277, 'Fasano Again', 0),
(4647, 1277, 'Oootsimo', 4),
(4648, 1277, 'UnnamedPlayer', 0),
(4649, 1277, 'Maluquinho', 0),
(4650, 1277, 'Mal', 0),
(4651, 1277, 'Chessus!', 0),
(4652, 1277, 'Chessus', 0),
(4653, 1278, 'Isgalamido', 24),
(4654, 1278, 'Dono da Bola', 3),
(4655, 1278, 'Mocinha', 0),
(4656, 1278, 'Zeh', 11),
(4657, 1278, 'Assasinu Credi', 18),
(4658, 1278, 'Fasano Again', 0),
(4659, 1278, 'Oootsimo', 12),
(4660, 1278, 'UnnamedPlayer', 0),
(4661, 1278, 'Maluquinho', 0),
(4662, 1278, 'Mal', -7),
(4663, 1278, 'Chessus!', 0),
(4664, 1278, 'Chessus', 12),
(4665, 1279, 'Isgalamido', -1),
(4666, 1279, 'Dono da Bola', -1),
(4667, 1279, 'Mocinha', 0),
(4668, 1279, 'Zeh', 2),
(4669, 1279, 'Assasinu Credi', 0),
(4670, 1279, 'Fasano Again', 0),
(4671, 1279, 'Oootsimo', 1),
(4672, 1279, 'UnnamedPlayer', 0),
(4673, 1279, 'Maluquinho', 0),
(4674, 1279, 'Mal', 0),
(4675, 1279, 'Chessus!', 0),
(4676, 1279, 'Chessus', 0),
(4677, 1280, 'Isgalamido', 22),
(4678, 1280, 'Dono da Bola', 1),
(4679, 1280, 'Mocinha', 0),
(4680, 1280, 'Zeh', 4),
(4681, 1280, 'Assasinu Credi', 3),
(4682, 1280, 'Fasano Again', 0),
(4683, 1280, 'Oootsimo', 9),
(4684, 1280, 'UnnamedPlayer', 0),
(4685, 1280, 'Maluquinho', 0),
(4686, 1280, 'Mal', -5),
(4687, 1280, 'Chessus!', 0),
(4688, 1280, 'Chessus', 7),
(4689, 1281, 'Isgalamido', 0),
(4690, 1281, 'Dono da Bola', 0),
(4691, 1281, 'Mocinha', 0),
(4692, 1281, 'Zeh', -3),
(4693, 1281, 'Assasinu Credi', 0),
(4694, 1281, 'Fasano Again', 0),
(4695, 1281, 'Oootsimo', 0),
(4696, 1281, 'UnnamedPlayer', 0),
(4697, 1281, 'Maluquinho', 0),
(4698, 1281, 'Mal', 0),
(4699, 1281, 'Chessus!', 0),
(4700, 1281, 'Chessus', 0),
(4701, 1282, 'Isgalamido', 0),
(4702, 1282, 'Dono da Bola', 0),
(4703, 1282, 'Mocinha', 0),
(4704, 1282, 'Zeh', 0),
(4705, 1282, 'Assasinu Credi', 0),
(4706, 1282, 'Fasano Again', 0),
(4707, 1282, 'Oootsimo', 0),
(4708, 1282, 'UnnamedPlayer', 0),
(4709, 1282, 'Maluquinho', 0),
(4710, 1282, 'Mal', 0),
(4711, 1282, 'Chessus!', 0),
(4712, 1282, 'Chessus', 0),
(4713, 1283, 'Isgalamido', 0),
(4714, 1283, 'Dono da Bola', -2),
(4715, 1283, 'Mocinha', 0),
(4716, 1283, 'Zeh', 0),
(4717, 1283, 'Assasinu Credi', -3),
(4718, 1283, 'Fasano Again', 0),
(4719, 1283, 'Oootsimo', 0),
(4720, 1283, 'UnnamedPlayer', 0),
(4721, 1283, 'Maluquinho', 0),
(4722, 1283, 'Mal', -1),
(4723, 1283, 'Chessus!', 0),
(4724, 1283, 'Chessus', 0),
(4725, 1284, 'Isgalamido', 1),
(4726, 1284, 'Dono da Bola', -1),
(4727, 1284, 'Mocinha', 0),
(4728, 1284, 'Zeh', 2),
(4729, 1284, 'Assasinu Credi', 2),
(4730, 1284, 'Fasano Again', 0),
(4731, 1284, 'Oootsimo', 0),
(4732, 1284, 'UnnamedPlayer', 0),
(4733, 1284, 'Maluquinho', 0),
(4734, 1284, 'Mal', -1),
(4735, 1284, 'Chessus!', 0),
(4736, 1284, 'Chessus', 0),
(4737, 1285, 'Isgalamido', 13),
(4738, 1285, 'Dono da Bola', 12),
(4739, 1285, 'Mocinha', 0),
(4740, 1285, 'Zeh', 20),
(4741, 1285, 'Assasinu Credi', 8),
(4742, 1285, 'Fasano Again', 0),
(4743, 1285, 'Oootsimo', 10),
(4744, 1285, 'UnnamedPlayer', 0),
(4745, 1285, 'Maluquinho', 0),
(4746, 1285, 'Mal', 2),
(4747, 1285, 'Chessus!', 0),
(4748, 1285, 'Chessus', 0),
(4749, 1286, 'Isgalamido', 0),
(4750, 1286, 'Dono da Bola', 1),
(4751, 1286, 'Mocinha', 0),
(4752, 1286, 'Zeh', 0),
(4753, 1286, 'Assasinu Credi', 0),
(4754, 1286, 'Fasano Again', 0),
(4755, 1286, 'Oootsimo', 1),
(4756, 1286, 'UnnamedPlayer', 0),
(4757, 1286, 'Maluquinho', 0),
(4758, 1286, 'Mal', 0),
(4759, 1286, 'Chessus!', 0),
(4760, 1286, 'Chessus', 0),
(4761, 1287, 'Isgalamido', 17),
(4762, 1287, 'Dono da Bola', 12),
(4763, 1287, 'Mocinha', 0),
(4764, 1287, 'Zeh', 19),
(4765, 1287, 'Assasinu Credi', 16),
(4766, 1287, 'Fasano Again', 0),
(4767, 1287, 'Oootsimo', 21),
(4768, 1287, 'UnnamedPlayer', 0),
(4769, 1287, 'Maluquinho', 0),
(4770, 1287, 'Mal', 6),
(4771, 1287, 'Chessus!', 0),
(4772, 1287, 'Chessus', 0);

--
-- Constraints for dumped tables
--

--
-- Limitadores para a tabela `kills`
--
ALTER TABLE `kills`
  ADD CONSTRAINT `kills_ibfk_1` FOREIGN KEY (`Game_id`) REFERENCES `game` (`Game_Id`) ON DELETE NO ACTION ON UPDATE NO ACTION;

--
-- Limitadores para a tabela `player`
--
ALTER TABLE `player`
  ADD CONSTRAINT `player_ibfk_1` FOREIGN KEY (`Game_Id`) REFERENCES `game` (`Game_Id`) ON DELETE NO ACTION ON UPDATE NO ACTION;
COMMIT;

/*!40101 SET CHARACTER_SET_CLIENT=@OLD_CHARACTER_SET_CLIENT */;
/*!40101 SET CHARACTER_SET_RESULTS=@OLD_CHARACTER_SET_RESULTS */;
/*!40101 SET COLLATION_CONNECTION=@OLD_COLLATION_CONNECTION */;
